year,check,category,inflow,outflow,residual,residual_share
1900,haas2020_input_equals_output,biomass,5.280084544,5.280084544,-1.399946825e-11,-2.651371988e-12
1901,haas2020_input_equals_output,biomass,5.340659106,5.340659106,1.889999268e-10,3.538887674e-11
1902,haas2020_input_equals_output,biomass,5.401211309,5.401211308,1.169997432e-10,2.166176003e-11
1903,haas2020_input_equals_output,biomass,5.461741715,5.461741715,-1.530002791e-10,-2.80130931e-11
1904,haas2020_input_equals_output,biomass,5.522300984,5.522300983,4.809992404e-10,8.710123585e-11
1905,haas2020_input_equals_output,biomass,5.582877868,5.582877868,-5.000000414e-11,-8.955955211e-12
1906,haas2020_input_equals_output,biomass,5.64342062,5.64342062,8.300027332e-11,1.470744056e-11
1907,haas2020_input_equals_output,biomass,5.703994284,5.703994284,-2.520001985e-10,-4.417960221e-11
1908,haas2020_input_equals_output,biomass,5.764577096,5.764577096,-3.47998963e-10,-6.036851571e-11
1909,haas2020_input_equals_output,biomass,5.825164631,5.82516463,7.110001476e-10,1.220566615e-10
1910,haas2020_input_equals_output,biomass,5.885700712,5.885700713,-2.779998454e-10,-4.723309236e-11
1911,haas2020_input_equals_output,biomass,5.956878619,5.956878619,-1.029993868e-10,-1.729083189e-11
1912,haas2020_input_equals_output,biomass,6.028020176,6.028020175,3.859996767e-10,6.403423768e-11
1913,haas2020_input_equals_output,biomass,6.099222693,6.099222693,-4.109992346e-10,-6.738551047e-11
1914,haas2020_input_equals_output,biomass,6.170402594,6.170402594,1.050004528e-10,1.701679124e-11
1915,haas2020_input_equals_output,biomass,6.24157141,6.24157141,3.589990527e-10,5.751741495e-11
1916,haas2020_input_equals_output,biomass,6.312828015,6.312828015,-2.500009089e-10,-3.960204654e-11
1917,haas2020_input_equals_output,biomass,6.383954918,6.383954918,-1.799991267e-10,-2.819555104e-11
1918,haas2020_input_equals_output,biomass,6.455107034,6.455107034,-1.200000099e-10,-1.858993341e-11
1919,haas2020_input_equals_output,biomass,6.526354683,6.526354682,9.400000778e-10,1.440314116e-10
1920,haas2020_input_equals_output,biomass,6.597493174,6.597493174,-4.199991466e-10,-6.366041397e-11
1921,haas2020_input_equals_output,biomass,6.668711136,6.668711136,-2.800000232e-10,-4.198712726e-11
1922,haas2020_input_equals_output,biomass,6.739836968,6.739836967,5.999991615e-10,8.902280045e-11
1923,haas2020_input_equals_output,biomass,6.811085519,6.811085519,-1.999911348e-11,-2.936259341e-12
1924,haas2020_input_equals_output,biomass,6.882276215,6.882276215,-2.79999135e-10,-4.068408855e-11
1925,haas2020_input_equals_output,biomass,6.953453102,6.953453101,6.900000571e-10,9.923128078e-11
1926,haas2020_input_equals_output,biomass,7.024620042,7.024620042,-3.600000298e-10,-5.124832769e-11
1927,haas2020_input_equals_output,biomass,7.095809582,7.095809582,1.000000083e-10,1.409282579e-11
1928,haas2020_input_equals_output,biomass,7.166989998,7.166989998,-2.30000019e-10,-3.209157807e-11
1929,haas2020_input_equals_output,biomass,7.238181745,7.238181744,4.899991524e-10,6.769644223e-11
1930,haas2020_input_equals_output,biomass,7.309364595,7.309364595,-1.000000083e-10,-1.368108089e-11
1931,haas2020_input_equals_output,biomass,7.354196634,7.354196634,7.900000654e-10,1.074216675e-10
1932,haas2020_input_equals_output,biomass,7.398992401,7.398992402,-5.000000414e-10,-6.757677455e-11
1933,haas2020_input_equals_output,biomass,7.443894939,7.443894939,-9.000000745e-11,-1.209044569e-11
1934,haas2020_input_equals_output,biomass,7.488754146,7.488754146,8.000000662e-11,1.068268567e-11
1935,haas2020_input_equals_output,biomass,7.533533636,7.533533637,-5.600000463e-10,-7.433431287e-11
1936,haas2020_input_equals_output,biomass,7.578423208,7.578423208,6.000000496e-11,7.917214877e-12
1937,haas2020_input_equals_output,biomass,7.62322929,7.62322929,-2.000000165e-10,-2.623560291e-11
1938,haas2020_input_equals_output,biomass,7.668003297,7.668003297,6.600009428e-10,8.607207342e-11
1939,haas2020_input_equals_output,biomass,7.712921935,7.712921935,-5.100000422e-10,-6.612280618e-11
1940,haas2020_input_equals_output,biomass,7.757848477,7.757848477,-3.200000265e-10,-4.124855331e-11
1941,haas2020_input_equals_output,biomass,7.802644534,7.802644534,3.500009171e-10,4.485670411e-11
1942,haas2020_input_equals_output,biomass,7.847470854,7.847470854,-6.000009378e-10,-7.645787401e-11
1943,haas2020_input_equals_output,biomass,7.892357246,7.892357246,2.30000019e-10,2.914211963e-11
1944,haas2020_input_equals_output,biomass,7.937186636,7.937186636,-6.200000513e-10,-7.811332652e-11
1945,haas2020_input_equals_output,biomass,7.982065599,7.982065599,1.999982402e-10,2.505595046e-11
1946,haas2020_input_equals_output,biomass,8.02683072,8.02683072,-1.700009022e-10,-2.117908153e-11
1947,haas2020_input_equals_output,biomass,8.071656975,8.071656975,-8.000000662e-11,-9.911224779e-12
1948,haas2020_input_equals_output,biomass,8.116565988,8.116565988,-3.600000298e-10,-4.435373658e-11
1949,haas2020_input_equals_output,biomass,8.161374249,8.16137425,-3.099991375e-10,-3.798369343e-11
1950,haas2020_input_equals_output,biomass,8.206297092,8.206297092,-2.800000232e-10,-3.412014214e-11
1951,haas2020_input_equals_output,biomass,8.322809866,8.322809866,0,0
1952,haas2020_input_equals_output,biomass,8.43949417,8.439494171,-4.500027018e-10,-5.332105132e-11
1953,haas2020_input_equals_output,biomass,8.55611943,8.556119431,-9.200018525e-10,-1.075255973e-10
1954,haas2020_input_equals_output,biomass,8.672801212,8.672801211,6.999982816e-10,8.071190201e-11
1955,haas2020_input_equals_output,biomass,8.789396262,8.789396263,-2.600035742e-10,-2.958150554e-11
1956,haas2020_input_equals_output,biomass,8.906100648,8.906100648,4.999911596e-11,5.614029971e-12
1957,haas2020_input_equals_output,biomass,9.022698235,9.022698236,-2.899991358e-10,-3.214106559e-11
1958,haas2020_input_equals_output,biomass,9.13933926,9.13933926,-6.099991623e-10,-6.674433949e-11
1959,haas2020_input_equals_output,biomass,9.25593153,9.255931529,5.80000048e-10,6.266252577e-11
1960,haas2020_input_equals_output,biomass,9.372614876,9.372614876,6.299991639e-10,6.721701172e-11
1961,haas2020_input_equals_output,biomass,9.489260415,9.489260415,3.600018061e-10,3.7937815e-11
1962,haas2020_input_equals_output,biomass,9.632133127,9.632133128,-5.500009337e-10,-5.710063663e-11
1963,haas2020_input_equals_output,biomass,9.753122448,9.753122448,-2.900009122e-10,-2.97341609e-11
1964,haas2020_input_equals_output,biomass,10.13722033,10.13722033,8.149999786e-09,8.039679042e-10
1965,haas2020_input_equals_output,biomass,10.31956488,10.31956488,4.169999457e-09,4.040867522e-10
1966,haas2020_input_equals_output,biomass,10.705589,10.70558899,6.379998752e-09,5.959502792e-10
1967,haas2020_input_equals_output,biomass,11.00151024,11.00151024,-3.760000311e-09,-3.417712868e-10
1968,haas2020_input_equals_output,biomass,11.2045531,11.2045531,-5.549997795e-09,-4.953341509e-10
1969,haas2020_input_equals_output,biomass,11.31120868,11.31120868,-9.000089563e-11,-7.956788542e-12
1970,haas2020_input_equals_output,biomass,11.60425701,11.60425701,4.530001263e-09,3.903740893e-10
1971,haas2020_input_equals_output,biomass,11.9516141,11.95161409,1.769999258e-09,1.480970891e-10
1972,haas2020_input_equals_output,biomass,11.94708725,11.94708724,6.389999641e-09,5.348583724e-10
1973,haas2020_input_equals_output,biomass,12.42831543,12.42831543,2.800000232e-10,2.252920154e-11
1974,haas2020_input_equals_output,biomass,12.55956164,12.55956164,-4.699991507e-10,-3.74216206e-11
1975,haas2020_input_equals_output,biomass,12.63373851,12.63373851,2.319998416e-09,1.83635146e-10
1976,haas2020_input_equals_output,biomass,13.01052257,13.01052257,7.46999973e-09,5.741506298e-10
1977,haas2020_input_equals_output,biomass,13.12850924,13.12850924,-9.400000778e-10,-7.159990983e-11
1978,haas2020_input_equals_output,biomass,13.5017175,13.5017175,7.600018392e-10,5.62892713e-11
1979,haas2020_input_equals_output,biomass,13.56423115,13.56423115,-1.119998316e-09,-8.256998158e-11
1980,haas2020_input_equals_output,biomass,13.56835767,13.56835767,3.26000027e-09,2.402649126e-10
1981,haas2020_input_equals_output,biomass,13.94479744,13.94479744,-2.740000227e-09,-1.964890662e-10
1982,haas2020_input_equals_output,biomass,14.24102085,14.24102084,6.739998781e-09,4.732805922e-10
1983,haas2020_input_equals_output,biomass,14.20274636,14.20274636,-5.109999535e-09,-3.597895369e-10
1984,haas2020_input_equals_output,biomass,14.75074845,14.75074845,1.140000094e-09,7.728422039e-11
1985,haas2020_input_equals_output,biomass,14.96048451,14.96048452,-2.500000207e-09,-1.671069011e-10
1986,haas2020_input_equals_output,biomass,15.13072018,15.13072018,3.72999942e-09,2.465183002e-10
1987,haas2020_input_equals_output,biomass,15.22509258,15.22509258,-1.300000108e-09,-8.538536636e-11
1988,haas2020_input_equals_output,biomass,15.28931022,15.28931022,-5.339998665e-09,-3.492635436e-10
1989,haas2020_input_equals_output,biomass,15.82358192,15.82358192,1.900000157e-09,1.200739609e-10
1990,haas2020_input_equals_output,biomass,16.13019056,16.13019057,-3.749999422e-09,-2.324832684e-10
1991,haas2020_input_equals_output,biomass,16.02908525,16.02908525,5.200035957e-10,3.244125211e-11
1992,haas2020_input_equals_output,biomass,16.24032723,16.24032724,-6.850001455e-09,-4.217896201e-10
1993,haas2020_input_equals_output,biomass,15.97322229,15.97322229,3.490001177e-09,2.184907411e-10
1994,haas2020_input_equals_output,biomass,16.2139749,16.21397491,-3.499998513e-09,-2.15863077e-10
1995,haas2020_input_equals_output,biomass,16.33185106,16.33185106,-6.999982816e-10,-4.286092735e-11
1996,haas2020_input_equals_output,biomass,16.80052992,16.80052992,1.000000083e-09,5.952193696e-11
1997,haas2020_input_equals_output,biomass,16.87405787,16.87405787,3.000018012e-10,1.777887711e-11
1998,haas2020_input_equals_output,biomass,16.92014626,16.92014626,-6.40000053e-09,-3.782473527e-10
1999,haas2020_input_equals_output,biomass,17.17195221,17.17195221,-4.000000331e-09,-2.329380074e-10
2000,haas2020_input_equals_output,biomass,17.28284353,17.28284353,-8.099998894e-09,-4.686728131e-10
2001,haas2020_input_equals_output,biomass,17.36406652,17.36406652,9.99946792e-11,5.758713206e-12
2002,haas2020_input_equals_output,biomass,17.57050628,17.57050627,1.300001884e-09,7.398773055e-11
2003,haas2020_input_equals_output,biomass,17.88894679,17.88894679,-6.000000496e-10,-3.354026689e-11
2004,haas2020_input_equals_output,biomass,18.54459406,18.54459406,-6.500005867e-09,-3.505067756e-10
2005,haas2020_input_equals_output,biomass,18.86192667,18.86192666,5.400004e-09,2.862912201e-10
2006,haas2020_input_equals_output,biomass,19.21547857,19.21547857,1.000003635e-09,5.204156804e-11
2007,haas2020_input_equals_output,biomass,19.93345973,19.93345973,2.999996696e-09,1.505005521e-10
2008,haas2020_input_equals_output,biomass,20.58273084,20.58273084,-2.000000165e-10,-9.716884417e-12
2009,haas2020_input_equals_output,biomass,20.61623495,20.61623495,0,0
2010,haas2020_input_equals_output,biomass,21.02441596,21.02441596,-4.99998265e-10,-2.378179094e-11
2011,haas2020_input_equals_output,biomass,21.54951468,21.54951469,-6.000004049e-09,-2.784287321e-10
2012,haas2020_input_equals_output,biomass,21.74821769,21.74821769,4.000000331e-09,1.839231328e-10
2013,haas2020_input_equals_output,biomass,22.45891775,22.45891775,-2.300001967e-09,-1.024092965e-10
2014,haas2020_input_equals_output,biomass,22.72967383,22.72967384,-4.899995076e-09,-2.155770079e-10
2015,haas2020_input_equals_output,biomass,22.88986995,22.88986994,6.899998795e-09,3.014433376e-10
1900,haas2020_input_equals_output,fossil,0.9674449631,0.9674449631,0,0
1901,haas2020_input_equals_output,fossil,0.9945563339,0.9945563339,0,0
1902,haas2020_input_equals_output,fossil,1.016628579,1.016628579,0,0
1903,haas2020_input_equals_output,fossil,1.114395693,1.114395693,0,0
1904,haas2020_input_equals_output,fossil,1.125502716,1.125502716,0,0
1905,haas2020_input_equals_output,fossil,1.188792326,1.188792326,0,0
1906,haas2020_input_equals_output,fossil,1.280764473,1.280764473,0,0
1907,haas2020_input_equals_output,fossil,1.417625727,1.417625727,0,0
1908,haas2020_input_equals_output,fossil,1.349321262,1.349321262,0,0
1909,haas2020_input_equals_output,fossil,1.40820668,1.40820668,0,0
1910,haas2020_input_equals_output,fossil,1.473345563,1.473345563,0,0
1911,haas2020_input_equals_output,fossil,1.503989375,1.503989375,0,0
1912,haas2020_input_equals_output,fossil,1.584716221,1.584716221,0,0
1913,haas2020_input_equals_output,fossil,1.699370061,1.699370061,0,0
1914,haas2020_input_equals_output,fossil,1.529214891,1.529214891,0,0
1915,haas2020_input_equals_output,fossil,1.514020971,1.514020971,0,0
1916,haas2020_input_equals_output,fossil,1.629912112,1.629912112,0,0
1917,haas2020_input_equals_output,fossil,1.720420503,1.720420503,0,0
1918,haas2020_input_equals_output,fossil,1.694956301,1.694956301,0,0
1919,haas2020_input_equals_output,fossil,1.496440284,1.496440284,0,0
1920,haas2020_input_equals_output,fossil,1.723399927,1.723399927,0,0
1921,haas2020_input_equals_output,fossil,1.476020173,1.476020173,-2.528999232e-11,-1.713390696e-11
1922,haas2020_input_equals_output,fossil,1.57814278,1.57814278,-5.059996866e-11,-3.206298524e-11
1923,haas2020_input_equals_output,fossil,1.79387524,1.79387524,-1.011999373e-10,-5.641414468e-11
1924,haas2020_input_equals_output,fossil,1.775711243,1.775711242,8.481999547e-10,4.776677278e-10
1925,haas2020_input_equals_output,fossil,1.785741231,1.785741231,-2.022999546e-10,-1.132862651e-10
1926,haas2020_input_equals_output,fossil,1.782714467,1.782714466,7.470999375e-10,4.190799768e-10
1927,haas2020_input_equals_output,fossil,1.902372897,1.902372896,6.964999688e-10,3.661216841e-10
1928,haas2020_input_equals_output,fossil,2.065291264,2.065291264,-3.540998605e-10,-1.71452747e-10
1929,haas2020_input_equals_output,fossil,2.060073193,2.060073193,-4.050000335e-10,-1.965949729e-10
1930,haas2020_input_equals_output,fossil,1.896365959,1.896365958,5.44999823e-10,2.873916928e-10
1931,haas2020_input_equals_output,fossil,1.691397595,1.691397596,-5.060001307e-10,-2.991609614e-10
1932,haas2020_input_equals_output,fossil,1.520362939,1.520362938,6.349998305e-10,4.176633185e-10
1933,haas2020_input_equals_output,fossil,1.599461733,1.599461733,3.730000753e-10,2.332035006e-10
1934,haas2020_input_equals_output,fossil,1.746018057,1.746018057,-9.200018525e-11,-5.269142829e-11
1935,haas2020_input_equals_output,fossil,1.838210724,1.838210724,-1.219999657e-10,-6.636886843e-11
1936,haas2020_input_equals_output,fossil,2.015176554,2.015176554,-4.800000397e-10,-2.381925488e-10
1937,haas2020_input_equals_output,fossil,2.14894637,2.148946371,-5.039999529e-10,-2.345335183e-10
1938,haas2020_input_equals_output,fossil,1.961674599,1.961674599,-1.90001348e-11,-9.685671012e-12
1939,haas2020_input_equals_output,fossil,2.158324311,2.15832431,5.869997821e-10,2.719701479e-10
1940,haas2020_input_equals_output,fossil,2.370280257,2.370280256,6.350000525e-10,2.679008318e-10
1941,haas2020_input_equals_output,fossil,2.447681176,2.447681176,2.450004644e-10,1.000949253e-10
1942,haas2020_input_equals_output,fossil,2.469791584,2.469791584,-3.700000306e-10,-1.498102241e-10
1943,haas2020_input_equals_output,fossil,2.543647746,2.543647746,-6.899991689e-11,-2.712636488e-11
1944,haas2020_input_equals_output,fossil,2.529573132,2.529573132,-1.570001906e-10,-6.206588323e-11
1945,haas2020_input_equals_output,fossil,2.065616949,2.06561695,-8.120002448e-10,-3.931030123e-10
1946,haas2020_input_equals_output,fossil,2.206678535,2.206678535,-4.86000129e-10,-2.202405658e-10
1947,haas2020_input_equals_output,fossil,2.477714917,2.477714916,6.620002324e-10,2.6718176e-10
1948,haas2020_input_equals_output,fossil,2.603893228,2.603893228,1.550000128e-10,5.952625521e-11
1949,haas2020_input_equals_output,fossil,2.517806111,2.517806111,1.010000972e-10,4.011432681e-11
1950,haas2020_input_equals_output,fossil,2.751761411,2.751761411,1.50699897e-10,5.476488492e-11
1951,haas2020_input_equals_output,fossil,2.935821511,2.935821512,-5.826001903e-10,-1.984453715e-10
1952,haas2020_input_equals_output,fossil,2.984792357,2.984792358,-8.717000455e-10,-2.920471313e-10
1953,haas2020_input_equals_output,fossil,3.030953097,3.030953097,-3.040057095e-11,-1.003003675e-11
1954,haas2020_input_equals_output,fossil,3.081555162,3.081555161,9.061000839e-10,2.940398715e-10
1955,haas2020_input_equals_output,fossil,3.358170969,3.35817097,-8.524998485e-10,-2.538583819e-10
1956,haas2020_input_equals_output,fossil,3.562493412,3.562493412,2.789999343e-10,7.831591585e-11
1957,haas2020_input_equals_output,fossil,3.71122275,3.71122275,3.520006508e-10,9.484762154e-11
1958,haas2020_input_equals_output,fossil,3.899910043,3.899910042,7.089999698e-10,1.817990574e-10
1959,haas2020_input_equals_output,fossil,4.117225628,4.117225628,-2.130002841e-10,-5.173393526e-11
1960,haas2020_input_equals_output,fossil,4.422777226,4.422777226,-2.210001071e-10,-4.996862736e-11
1961,haas2020_input_equals_output,fossil,4.47803806,4.47803806,4.690008382e-10,1.047335534e-10
1962,haas2020_input_equals_output,fossil,4.746241353,4.746241354,-5.100000422e-10,-1.074534572e-10
1963,haas2020_input_equals_output,fossil,5.113097356,5.113097355,5.749996035e-10,1.124562205e-10
1964,haas2020_input_equals_output,fossil,5.385983445,5.385983445,2.599964688e-11,4.82727939e-12
1965,haas2020_input_equals_output,fossil,5.28333271,5.28333271,-3.259996717e-10,-6.170341517e-11
1966,haas2020_input_equals_output,fossil,5.517977697,5.517977697,2.200017946e-11,3.987000431e-12
1967,haas2020_input_equals_output,fossil,5.554445515,5.554445515,-2.500044616e-11,-4.500979637e-12
1968,haas2020_input_equals_output,fossil,5.881066318,5.881066318,4.820002175e-10,8.195796331e-11
1969,haas2020_input_equals_output,fossil,6.063904955,6.063904955,4.500000372e-10,7.420961255e-11
1970,haas2020_input_equals_output,fossil,6.309365378,6.309365379,-2.711102454e-10,-4.29694952e-11
1971,haas2020_input_equals_output,fossil,6.512796606,6.512796606,-3.307087937e-10,-5.077830826e-11
1972,haas2020_input_equals_output,fossil,6.746885974,6.746885974,-3.686002614e-10,-5.463265021e-11
1973,haas2020_input_equals_output,fossil,7.060648699,7.060648699,-4.890043925e-11,-6.925771461e-12
1974,haas2020_input_equals_output,fossil,7.109103326,7.109103326,-1.430002783e-10,-2.011509353e-11
1975,haas2020_input_equals_output,fossil,7.172053037,7.172053036,4.494999928e-10,6.267382442e-11
1976,haas2020_input_equals_output,fossil,7.506698526,7.506698527,-4.340003912e-10,-5.781508204e-11
1977,haas2020_input_equals_output,fossil,7.772810905,7.772810905,-7.360068111e-11,-9.468991592e-12
1978,haas2020_input_equals_output,fossil,7.915245717,7.915245717,2.279980649e-10,2.880492571e-11
1979,haas2020_input_equals_output,fossil,8.270168172,8.270168172,-4.240003904e-10,-5.126865398e-11
1980,haas2020_input_equals_output,fossil,8.227486226,8.227486226,2.139994848e-10,2.601031213e-11
1981,haas2020_input_equals_output,fossil,8.110905402,8.110905402,2.749995787e-10,3.390491752e-11
1982,haas2020_input_equals_output,fossil,8.300589391,8.300589391,4.400035891e-11,5.300871642e-12
1983,haas2020_input_equals_output,fossil,8.32817376,8.32817376,4.209983473e-10,5.055110033e-11
1984,haas2020_input_equals_output,fossil,8.702833616,8.702833616,1.739994815e-10,1.999342848e-11
1985,haas2020_input_equals_output,fossil,8.707791039,8.707791039,3.050022457e-10,3.502636252e-11
1986,haas2020_input_equals_output,fossil,8.954339139,8.954339139,3.349995836e-10,3.7411983e-11
1987,haas2020_input_equals_output,fossil,9.142654898,9.142654899,-4.400000364e-10,-4.812606855e-11
1988,haas2020_input_equals_output,fossil,9.391381262,9.391381262,-7.000622304e-12,-7.454305292e-13
1989,haas2020_input_equals_output,fossil,9.562515377,9.562515377,-7.199929541e-11,-7.529325975e-12
1990,haas2020_input_equals_output,fossil,9.502472797,9.502472797,1.349995671e-10,1.42067828e-11
1991,haas2020_input_equals_output,fossil,9.356692227,9.356692227,-1.769997482e-10,-1.891691464e-11
1992,haas2020_input_equals_output,fossil,9.202570128,9.202570128,-2.150013501e-10,-2.336318518e-11
1993,haas2020_input_equals_output,fossil,9.150008211,9.150008211,-1.829985052e-10,-1.999981869e-11
1994,haas2020_input_equals_output,fossil,9.277453235,9.277453235,4.56997995e-10,4.925899203e-11
1995,haas2020_input_equals_output,fossil,9.508590032,9.508590032,3.619984312e-10,3.807067399e-11
1996,haas2020_input_equals_output,fossil,9.726841426,9.726841426,-1.129993876e-10,-1.161727458e-11
1997,haas2020_input_equals_output,fossil,9.801142848,9.801142848,3.699973661e-11,3.775043093e-12
1998,haas2020_input_equals_output,fossil,9.866925141,9.866925141,-2.499991325e-10,-2.533708617e-11
1999,haas2020_input_equals_output,fossil,9.792910983,9.792910983,-1.000017846e-10,-1.021165053e-11
2000,haas2020_input_equals_output,fossil,10.1144155,10.1144155,1.700009022e-10,1.680778314e-11
2001,haas2020_input_equals_output,fossil,10.37658068,10.37658068,-1.369997449e-09,-1.320278318e-10
2002,haas2020_input_equals_output,fossil,10.44432776,10.44432777,-2.770001117e-09,-2.652158358e-10
2003,haas2020_input_equals_output,fossil,11.00428049,11.00428049,6.200000513e-10,5.634171648e-11
2004,haas2020_input_equals_output,fossil,11.59446436,11.59446435,1.209999212e-09,1.043600786e-10
2005,haas2020_input_equals_output,fossil,12.0522649,12.05226489,3.640000301e-09,3.02017947e-10
2006,haas2020_input_equals_output,fossil,12.4575286,12.45752861,-2.349999306e-09,-1.886408919e-10
2007,haas2020_input_equals_output,fossil,12.70921854,12.70921853,4.529999487e-09,3.564341485e-10
2008,haas2020_input_equals_output,fossil,13.01027391,13.01027392,-5.500009337e-10,-4.227435466e-11
2009,haas2020_input_equals_output,fossil,12.9356236,12.9356236,3.150001149e-09,2.435136679e-10
2010,haas2020_input_equals_output,fossil,13.52468691,13.5246869,1.930001048e-09,1.42702087e-10
2011,haas2020_input_equals_output,fossil,14.23127835,14.23127835,8.000178298e-11,5.621545797e-12
2012,haas2020_input_equals_output,fossil,14.46086738,14.46086738,1.59000102e-09,1.099519813e-10
2013,haas2020_input_equals_output,fossil,14.62465391,14.62465391,-5.500009337e-10,-3.760779142e-11
2014,haas2020_input_equals_output,fossil,14.65853894,14.65853894,2.940000243e-09,2.005657081e-10
2015,haas2020_input_equals_output,fossil,14.63308814,14.63308814,-1.78999926e-09,-1.223254615e-10
1900,haas2020_input_equals_output,metals,0.159191578,0.159191578,4.000000331e-11,2.512695948e-10
1901,haas2020_input_equals_output,metals,0.1641186326,0.1641186326,1.600003463e-11,9.749066501e-11
1902,haas2020_input_equals_output,metals,0.1686729863,0.1686729863,1.000005634e-12,5.928665021e-12
1903,haas2020_input_equals_output,metals,0.1731059951,0.1731059952,-3.700004192e-11,-2.137421173e-10
1904,haas2020_input_equals_output,metals,0.1790690997,0.1790690996,6.699998889e-11,3.741571774e-10
1905,haas2020_input_equals_output,metals,0.2053608326,0.2053608326,-1.399996785e-11,-6.81725316e-11
1906,haas2020_input_equals_output,metals,0.1960098982,0.1960098982,5.899999933e-11,3.010052036e-10
1907,haas2020_input_equals_output,metals,0.2322923465,0.2322923465,-9.999778783e-13,-4.304824904e-12
1908,haas2020_input_equals_output,metals,0.2160412579,0.2160412579,1.100000646e-11,5.09162304e-11
1909,haas2020_input_equals_output,metals,0.2394798593,0.2394798593,-7.000011681e-12,-2.923006428e-11
1910,haas2020_input_equals_output,metals,0.2625354639,0.2625354639,-8.999967438e-12,-3.428095886e-11
1911,haas2020_input_equals_output,metals,0.258966549,0.258966549,-2.800004673e-11,-1.08122253e-10
1912,haas2020_input_equals_output,metals,0.2889354088,0.2889354088,4.999994863e-11,1.730488791e-10
1913,haas2020_input_equals_output,metals,0.3220688806,0.3220688805,1.999994614e-11,6.209835023e-11
1914,haas2020_input_equals_output,metals,0.2546336815,0.2546336815,2.000000165e-11,7.854421118e-11
1915,haas2020_input_equals_output,metals,0.259933165,0.259933165,-2.000000165e-11,-7.694286205e-11
1916,haas2020_input_equals_output,metals,0.304241304,0.3042413041,-1.000005634e-11,-3.286883209e-11
1917,haas2020_input_equals_output,metals,0.311299767,0.3112997671,-9.000006296e-11,-2.891106018e-10
1918,haas2020_input_equals_output,metals,0.2932570603,0.2932570603,4.000000331e-11,1.363991144e-10
1919,haas2020_input_equals_output,metals,0.245351981,0.245351981,-6.999995028e-11,-2.853041985e-10
1920,haas2020_input_equals_output,metals,0.2616137087,0.2616137087,2.000005717e-11,7.644881173e-11
1921,haas2020_input_equals_output,metals,0.1779711806,0.1779711805,6.000000496e-11,3.371332637e-10
1922,haas2020_input_equals_output,metals,0.2372639751,0.2372639751,-1.99999739e-11,-8.429418707e-11
1923,haas2020_input_equals_output,metals,0.2972602113,0.2972602114,-3.000000248e-11,-1.009216886e-10
1924,haas2020_input_equals_output,metals,0.3050544846,0.3050544846,1.000000083e-11,3.278103202e-11
1925,haas2020_input_equals_output,metals,0.3427240615,0.3427240615,3.000000248e-11,8.753398391e-11
1926,haas2020_input_equals_output,metals,0.3489536832,0.3489536833,-1.099999536e-10,-3.152279483e-10
1927,haas2020_input_equals_output,metals,0.3741367626,0.3741367626,-2.999994697e-11,-8.018444047e-11
1928,haas2020_input_equals_output,metals,0.4000182534,0.4000182535,-1.999994614e-11,-4.999758379e-11
1929,haas2020_input_equals_output,metals,0.4479585542,0.4479585541,7.999995111e-11,1.785878411e-10
1930,haas2020_input_equals_output,metals,0.400866184,0.400866184,-2.999994697e-11,-7.483780915e-11
1931,haas2020_input_equals_output,metals,0.3104109377,0.3104109376,6.999995028e-11,2.255073575e-10
1932,haas2020_input_equals_output,metals,0.215576525,0.215576525,2.000002941e-11,9.277461638e-11
1933,haas2020_input_equals_output,metals,0.243714277,0.243714277,-5.000000414e-11,-2.051582893e-10
1934,haas2020_input_equals_output,metals,0.3092970985,0.3092970985,4.000000331e-11,1.293255045e-10
1935,haas2020_input_equals_output,metals,0.3541876953,0.3541876952,7.000000579e-11,1.976353406e-10
1936,haas2020_input_equals_output,metals,0.4271889354,0.4271889353,5.000000414e-11,1.170442397e-10
1937,haas2020_input_equals_output,metals,0.5265901931,0.5265901931,1.999989063e-11,3.797999069e-11
1938,haas2020_input_equals_output,metals,0.444531435,0.444531435,-3.000000248e-11,-6.748679648e-11
1939,haas2020_input_equals_output,metals,0.5012971926,0.5012971925,7.000000579e-11,1.396377375e-10
1940,haas2020_input_equals_output,metals,0.5490427418,0.5490427419,-1.100000091e-10,-2.003487174e-10
1941,haas2020_input_equals_output,metals,0.5776678595,0.5776678595,0,0
1942,haas2020_input_equals_output,metals,0.5594178065,0.5594178066,-1.099998981e-10,-1.96632815e-10
1943,haas2020_input_equals_output,metals,0.5741194161,0.574119416,2.000011268e-11,3.48361545e-11
1944,haas2020_input_equals_output,metals,0.5040379202,0.5040379202,4.000011433e-11,7.935933533e-11
1945,haas2020_input_equals_output,metals,0.4292423446,0.4292423445,6.999995028e-11,1.630779236e-10
1946,haas2020_input_equals_output,metals,0.3978356334,0.3978356334,-5.551115123e-17,-1.395328788e-16
1947,haas2020_input_equals_output,metals,0.473949394,0.4739493941,-3.000000248e-11,-6.329790239e-11
1948,haas2020_input_equals_output,metals,0.5355105268,0.5355105268,-3.000000248e-11,-5.602131234e-11
1949,haas2020_input_equals_output,metals,0.5395342671,0.5395342671,4.000000331e-11,7.41380219e-11
1950,haas2020_input_equals_output,metals,0.5927134149,0.5927134148,1.300000108e-10,2.193302994e-10
1951,haas2020_input_equals_output,metals,0.6507246958,0.6507246957,7.000011681e-11,1.07572553e-10
1952,haas2020_input_equals_output,metals,0.6742656388,0.6742656387,5.999978292e-11,8.898537827e-11
1953,haas2020_input_equals_output,metals,0.7373365358,0.7373365358,4.000000331e-11,5.424931678e-11
1954,haas2020_input_equals_output,metals,0.8126608363,0.8126608363,3.999989229e-11,4.922089327e-11
1955,haas2020_input_equals_output,metals,0.804671172,0.8046711718,1.599999022e-10,1.988388646e-10
1956,haas2020_input_equals_output,metals,0.8590017483,0.8590017484,-8.000011764e-11,-9.313149571e-11
1957,haas2020_input_equals_output,metals,0.9124785639,0.9124785639,2.000000165e-11,2.191832493e-11
1958,haas2020_input_equals_output,metals,0.8429737471,0.842973747,5.999989394e-11,7.117646801e-11
1959,haas2020_input_equals_output,metals,0.9094898185,0.9094898185,4.999989311e-11,5.497575904e-11
1960,haas2020_input_equals_output,metals,1.047149153,1.047149153,1.000000083e-11,9.549738736e-12
1961,haas2020_input_equals_output,metals,1.045116366,1.045116366,6.000000496e-11,5.740987983e-11
1962,haas2020_input_equals_output,metals,1.061228098,1.061228098,3.800002535e-10,3.580759443e-10
1963,haas2020_input_equals_output,metals,1.087343964,1.087343964,1.600000132e-10,1.471475619e-10
1964,haas2020_input_equals_output,metals,1.171910639,1.171910639,4.999978209e-11,4.266518319e-11
1965,haas2020_input_equals_output,metals,1.248490635,1.248490635,1.600000132e-10,1.281547564e-10
1966,haas2020_input_equals_output,metals,1.280271916,1.280271916,-3.50000251e-10,-2.73379621e-10
1967,haas2020_input_equals_output,metals,1.292859654,1.292859655,-2.500002427e-10,-1.933699779e-10
1968,haas2020_input_equals_output,metals,1.394969454,1.394969455,-6.600000546e-10,-4.731286786e-10
1969,haas2020_input_equals_output,metals,1.478459187,1.478459186,4.000002551e-10,2.705521118e-10
1970,haas2020_input_equals_output,metals,1.61615784,1.61615784,-2.600000215e-10,-1.608753892e-10
1971,haas2020_input_equals_output,metals,1.636663798,1.636663798,-9.000000745e-11,-5.498991763e-11
1972,haas2020_input_equals_output,metals,1.673300841,1.673300842,-3.599998077e-10,-2.151435049e-10
1973,haas2020_input_equals_output,metals,1.797546249,1.797546249,1.000002303e-10,5.563152012e-11
1974,haas2020_input_equals_output,metals,1.889107403,1.889107403,-9.999556738e-12,-5.293270631e-12
1975,haas2020_input_equals_output,metals,1.897977178,1.897977177,1.700000141e-10,8.956905071e-11
1976,haas2020_input_equals_output,metals,1.926587523,1.926587522,3.400002502e-10,1.764779675e-10
1977,haas2020_input_equals_output,metals,1.906890321,1.906890321,0,0
1978,haas2020_input_equals_output,metals,1.937750309,1.937750308,6.800000563e-10,3.509224348e-10
1979,haas2020_input_equals_output,metals,2.034548543,2.034548543,4.900000405e-10,2.4083969e-10
1980,haas2020_input_equals_output,metals,2.055445314,2.055445314,-1.000000083e-10,-4.865126189e-11
1981,haas2020_input_equals_output,metals,2.049346631,2.049346631,-3.000000248e-10,-1.463881319e-10
1982,haas2020_input_equals_output,metals,1.947699688,1.947699687,9.000005186e-10,4.620838234e-10
1983,haas2020_input_equals_output,metals,1.864907198,1.864907197,6.000000496e-10,3.217318537e-10
1984,haas2020_input_equals_output,metals,2.03159932,2.031599321,-7.00000502e-10,-3.445563774e-10
1985,haas2020_input_equals_output,metals,2.105843193,2.105843193,-6.999996138e-10,-3.324082326e-10
1986,haas2020_input_equals_output,metals,2.132767539,2.132767539,-4.999995973e-10,-2.344369877e-10
1987,haas2020_input_equals_output,metals,2.238310795,2.238310795,-4.440892099e-16,-1.984037297e-16
1988,haas2020_input_equals_output,metals,2.4324532,2.4324532,2.000004606e-10,8.222170959e-11
1989,haas2020_input_equals_output,metals,2.573024219,2.57302422,-1.000000083e-10,-3.886477536e-11
1990,haas2020_input_equals_output,metals,2.584733138,2.584733138,1.000000083e-10,3.868871676e-11
1991,haas2020_input_equals_output,metals,2.533256195,2.533256195,-2.000000165e-10,-7.894977892e-11
1992,haas2020_input_equals_output,metals,2.514705215,2.514705214,8.999996304e-10,3.578946848e-10
1993,haas2020_input_equals_output,metals,2.532521057,2.532521057,-1.999995725e-10,-7.897252105e-11
1994,haas2020_input_equals_output,metals,2.582297748,2.582297749,-9.000000745e-10,-3.485268402e-10
1995,haas2020_input_equals_output,metals,2.739910012,2.739910012,-4.000000331e-10,-1.459902082e-10
1996,haas2020_input_equals_output,metals,2.846840718,2.846840718,-4.440892099e-16,-1.559936975e-16
1997,haas2020_input_equals_output,metals,2.993832709,2.993832709,4.440892099e-16,1.483346776e-16
1998,haas2020_input_equals_output,metals,3.084034243,3.084034243,-2.000000165e-10,-6.485012837e-11
1999,haas2020_input_equals_output,metals,3.142229323,3.142229323,-4.000000331e-10,-1.27298167e-10
2000,haas2020_input_equals_output,metals,3.313936425,3.313936425,3.000000248e-10,9.05267894e-11
2001,haas2020_input_equals_output,metals,3.347577469,3.347577469,-5.999996056e-10,-1.792339718e-10
2002,haas2020_input_equals_output,metals,3.408100412,3.408100412,-1.999995725e-10,-5.868359153e-11
2003,haas2020_input_equals_output,metals,3.554319577,3.554319576,9.000000745e-10,2.532130426e-10
2004,haas2020_input_equals_output,metals,3.92880247,3.92880247,-2.000000165e-10,-5.090610131e-11
2005,haas2020_input_equals_output,metals,4.230734574,4.230734574,3.00000913e-10,7.090988758e-11
2006,haas2020_input_equals_output,metals,4.557785034,4.557785035,-1.200000099e-09,-2.632858045e-10
2007,haas2020_input_equals_output,metals,4.914737381,4.914737382,-7.99999178e-10,-1.627755699e-10
2008,haas2020_input_equals_output,metals,5.164504146,5.164504146,-2.999991366e-10,-5.808866217e-11
2009,haas2020_input_equals_output,metals,5.202194283,5.202194282,4.000009213e-10,7.689080791e-11
2010,haas2020_input_equals_output,metals,5.611283296,5.611283296,-4.000000331e-10,-7.128494713e-11
2011,haas2020_input_equals_output,metals,6.151951157,6.151951157,5.000009295e-10,8.127517868e-11
2012,haas2020_input_equals_output,metals,6.211588107,6.211588107,0,0
2013,haas2020_input_equals_output,metals,6.630052826,6.630052826,2.000000165e-10,3.016567466e-11
2014,haas2020_input_equals_output,metals,6.808664173,6.808664173,5.000000414e-10,7.343585006e-11
2015,haas2020_input_equals_output,metals,6.860814928,6.860814929,-1.000000083e-09,-1.457552919e-10
1900,haas2020_input_equals_output,non_metallic_minerals,1.155437909,1.155437909,2.220446049e-16,1.921735501e-16
1901,haas2020_input_equals_output,non_metallic_minerals,1.187001794,1.187001795,-1.000000083e-10,-8.424587792e-11
1902,haas2020_input_equals_output,non_metallic_minerals,1.203642918,1.203642918,1.000000083e-10,8.308112545e-11
1903,haas2020_input_equals_output,non_metallic_minerals,1.234740593,1.234740594,-3.000002469e-10,-2.429662137e-10
1904,haas2020_input_equals_output,non_metallic_minerals,1.249752398,1.249752398,0,0
1905,haas2020_input_equals_output,non_metallic_minerals,1.296572747,1.296572747,1.000002303e-10,7.712658666e-11
1906,haas2020_input_equals_output,non_metallic_minerals,1.322892815,1.322892815,1.000000083e-10,7.559192031e-11
1907,haas2020_input_equals_output,non_metallic_minerals,1.350633549,1.350633549,5.000000414e-10,3.701966694e-10
1908,haas2020_input_equals_output,non_metallic_minerals,1.393351463,1.393351463,-3.000000248e-10,-2.153082211e-10
1909,haas2020_input_equals_output,non_metallic_minerals,1.434400187,1.434400186,8.000000662e-10,5.577244577e-10
1910,haas2020_input_equals_output,non_metallic_minerals,1.449291184,1.449291184,2.999998028e-10,2.069976041e-10
1911,haas2020_input_equals_output,non_metallic_minerals,1.464316392,1.464316391,4.000000331e-10,2.731650314e-10
1912,haas2020_input_equals_output,non_metallic_minerals,1.490898116,1.490898116,0,0
1913,haas2020_input_equals_output,non_metallic_minerals,1.518416592,1.518416592,-4.999998193e-10,-3.292902764e-10
1914,haas2020_input_equals_output,non_metallic_minerals,1.497743882,1.497743883,-6.000000496e-10,-4.006025709e-10
1915,haas2020_input_equals_output,non_metallic_minerals,1.471393659,1.471393659,3.000000248e-10,2.038883496e-10
1916,haas2020_input_equals_output,non_metallic_minerals,1.483822734,1.483822734,9.999978623e-11,6.739335091e-11
1917,haas2020_input_equals_output,non_metallic_minerals,1.448907595,1.448907595,2.000000165e-10,1.380350391e-10
1918,haas2020_input_equals_output,non_metallic_minerals,1.471814847,1.471814847,1.000000083e-10,6.794333436e-11
1919,haas2020_input_equals_output,non_metallic_minerals,1.390330838,1.390330838,-1.999997945e-10,-1.43850506e-10
1920,haas2020_input_equals_output,non_metallic_minerals,1.47207554,1.47207554,2.000000165e-10,1.358626043e-10
1921,haas2020_input_equals_output,non_metallic_minerals,1.479852792,1.479852793,-1.199999877e-09,-8.108913833e-10
1922,haas2020_input_equals_output,non_metallic_minerals,1.591950854,1.591950855,-2.000000165e-10,-1.256320294e-10
1923,haas2020_input_equals_output,non_metallic_minerals,1.62168445,1.62168445,1.000002303e-10,6.166441956e-11
1924,haas2020_input_equals_output,non_metallic_minerals,1.741147023,1.741147024,-1.999997945e-10,-1.148666895e-10
1925,haas2020_input_equals_output,non_metallic_minerals,1.821423007,1.821423007,-3.000000248e-10,-1.647063991e-10
1926,haas2020_input_equals_output,non_metallic_minerals,1.911536221,1.911536221,-9.999956418e-11,-5.231371663e-11
1927,haas2020_input_equals_output,non_metallic_minerals,2.004160198,2.004160198,3.000000248e-10,1.496886452e-10
1928,haas2020_input_equals_output,non_metallic_minerals,2.051451853,2.051451853,-5.999996056e-10,-2.924755971e-10
1929,haas2020_input_equals_output,non_metallic_minerals,2.105348341,2.105348341,-1.999995725e-10,-9.499595318e-11
1930,haas2020_input_equals_output,non_metallic_minerals,2.098355705,2.098355705,-5.000000414e-10,-2.382818319e-10
1931,haas2020_input_equals_output,non_metallic_minerals,2.063000708,2.063000708,5.000000414e-10,2.42365424e-10
1932,haas2020_input_equals_output,non_metallic_minerals,1.981953358,1.981953358,-2.000000165e-10,-1.009105566e-10
1933,haas2020_input_equals_output,non_metallic_minerals,2.000362584,2.000362584,-5.000000414e-10,-2.499547059e-10
1934,haas2020_input_equals_output,non_metallic_minerals,2.120637967,2.120637967,-2.000004606e-10,-9.431145899e-11
1935,haas2020_input_equals_output,non_metallic_minerals,2.183686364,2.183686365,-6.000000496e-10,-2.747647553e-10
1936,haas2020_input_equals_output,non_metallic_minerals,2.242983763,2.242983763,-1.999995725e-10,-8.916675001e-11
1937,haas2020_input_equals_output,non_metallic_minerals,2.44901499,2.449014991,-8.000000662e-10,-3.26661972e-10
1938,haas2020_input_equals_output,non_metallic_minerals,2.505646788,2.505646789,-6.000000496e-10,-2.394591498e-10
1939,haas2020_input_equals_output,non_metallic_minerals,2.585503224,2.585503224,-2.000000165e-10,-7.735438684e-11
1940,haas2020_input_equals_output,non_metallic_minerals,2.59022132,2.59022132,-2.999995807e-10,-1.158200569e-10
1941,haas2020_input_equals_output,non_metallic_minerals,2.681118174,2.681118174,4.000000331e-10,1.491914966e-10
1942,haas2020_input_equals_output,non_metallic_minerals,2.647475799,2.647475799,3.99999589e-10,1.51087156e-10
1943,haas2020_input_equals_output,non_metallic_minerals,2.641490874,2.641490874,-1.000000083e-10,-3.785741199e-11
1944,haas2020_input_equals_output,non_metallic_minerals,2.608562154,2.608562153,8.000000662e-10,3.066823863e-10
1945,haas2020_input_equals_output,non_metallic_minerals,2.598495897,2.598495897,-3.999991449e-10,-1.539348765e-10
1946,haas2020_input_equals_output,non_metallic_minerals,2.855575007,2.855575008,-5.999996056e-10,-2.101151621e-10
1947,haas2020_input_equals_output,non_metallic_minerals,3.104697958,3.104697957,6.000000496e-10,1.932555301e-10
1948,haas2020_input_equals_output,non_metallic_minerals,3.335482603,3.335482603,3.000000248e-10,8.994201455e-11
1949,haas2020_input_equals_output,non_metallic_minerals,3.551631202,3.551631202,-9.999956418e-11,-2.815595384e-11
1950,haas2020_input_equals_output,non_metallic_minerals,3.879523683,3.879523683,3.99999589e-10,1.03105335e-10
1951,haas2020_input_equals_output,non_metallic_minerals,4.169149834,4.169149834,-4.000000331e-10,-9.594282985e-11
1952,haas2020_input_equals_output,non_metallic_minerals,4.420332251,4.420332251,-3.999991449e-10,-9.049074193e-11
1953,haas2020_input_equals_output,non_metallic_minerals,4.628423028,4.628423028,-9.99991201e-11,-2.160544088e-11
1954,haas2020_input_equals_output,non_metallic_minerals,4.929017582,4.929017581,1.000000083e-09,2.02880202e-10
1955,haas2020_input_equals_output,non_metallic_minerals,5.201003936,5.201003935,6.000000496e-10,1.153623526e-10
1956,haas2020_input_equals_output,non_metallic_minerals,5.575092457,5.575092456,7.000000579e-10,1.255584662e-10
1957,haas2020_input_equals_output,non_metallic_minerals,5.820583684,5.820583684,3.000000248e-10,5.154122698e-11
1958,haas2020_input_equals_output,non_metallic_minerals,6.104836493,6.104836493,-3.000000248e-10,-4.914136934e-11
1959,haas2020_input_equals_output,non_metallic_minerals,6.510736924,6.510736925,-8.000000662e-10,-1.228739658e-10
1960,haas2020_input_equals_output,non_metallic_minerals,6.890839863,6.890839862,1.099999203e-09,1.596320949e-10
1961,haas2020_input_equals_output,non_metallic_minerals,7.280026674,7.280026673,6.000000496e-10,8.241728726e-11
1962,haas2020_input_equals_output,non_metallic_minerals,7.709492931,7.709492931,-1.000000083e-10,-1.297102276e-11
1963,haas2020_input_equals_output,non_metallic_minerals,8.211620996,8.211620997,-7.000000579e-10,-8.524505189e-11
1964,haas2020_input_equals_output,non_metallic_minerals,8.84443377,8.844433769,1.100000091e-09,1.243720197e-10
1965,haas2020_input_equals_output,non_metallic_minerals,9.27173437,9.27173437,-2.000000165e-10,-2.1570939e-11
1966,haas2020_input_equals_output,non_metallic_minerals,9.987432152,9.987432153,-8.000000662e-10,-8.010067593e-11
1967,haas2020_input_equals_output,non_metallic_minerals,10.17480161,10.17480161,-7.000000579e-10,-6.87974159e-11
1968,haas2020_input_equals_output,non_metallic_minerals,10.87656368,10.87656368,7.000000579e-10,6.435856753e-11
1969,haas2020_input_equals_output,non_metallic_minerals,11.30616053,11.30616054,-4.700000389e-09,-4.157026052e-10
1970,haas2020_input_equals_output,non_metallic_minerals,12.2288611,12.2288611,-4.800000397e-09,-3.925140991e-10
1971,haas2020_input_equals_output,non_metallic_minerals,12.48205538,12.48205539,-9.300000769e-09,-7.450696608e-10
1972,haas2020_input_equals_output,non_metallic_minerals,13.90373059,13.9037306,-6.700000554e-09,-4.818850963e-10
1973,haas2020_input_equals_output,non_metallic_minerals,14.34882614,14.34882615,-4.499998596e-09,-3.136144065e-10
1974,haas2020_input_equals_output,non_metallic_minerals,14.73101887,14.73101887,-6.799998786e-09,-4.616108938e-10
1975,haas2020_input_equals_output,non_metallic_minerals,14.47076679,14.47076679,1.800001925e-09,1.243888421e-10
1976,haas2020_input_equals_output,non_metallic_minerals,14.60126171,14.60126171,-7.000000579e-10,-4.794106644e-11
1977,haas2020_input_equals_output,non_metallic_minerals,15.02759247,15.02759246,8.300000687e-09,5.523173924e-10
1978,haas2020_input_equals_output,non_metallic_minerals,15.70918277,15.70918277,-2.299998414e-09,-1.464110799e-10
1979,haas2020_input_equals_output,non_metallic_minerals,16.13035988,16.13035988,5.899998712e-09,3.657698126e-10
1980,haas2020_input_equals_output,non_metallic_minerals,16.26400559,16.26400559,-6.499998761e-09,-3.996554678e-10
1981,haas2020_input_equals_output,non_metallic_minerals,15.7784103,15.7784103,-5.400000447e-09,-3.422398293e-10
1982,haas2020_input_equals_output,non_metallic_minerals,15.66159732,15.66159732,-9.000000745e-10,-5.746540765e-11
1983,haas2020_input_equals_output,non_metallic_minerals,15.9267662,15.9267662,7.999982898e-10,5.022980057e-11
1984,haas2020_input_equals_output,non_metallic_minerals,16.67490071,16.6749007,4.000000331e-09,2.398815082e-10
1985,haas2020_input_equals_output,non_metallic_minerals,16.96038036,16.96038036,-2.000000165e-09,-1.179218935e-10
1986,haas2020_input_equals_output,non_metallic_minerals,17.61376291,17.6137629,7.000000579e-09,3.974165325e-10
1987,haas2020_input_equals_output,non_metallic_minerals,18.40456504,18.40456503,2.000003718e-09,1.086688935e-10
1988,haas2020_input_equals_output,non_metallic_minerals,19.75322582,19.75322583,-8.999997192e-09,-4.556216425e-10
1989,haas2020_input_equals_output,non_metallic_minerals,19.3742251,19.3742251,0,0
1990,haas2020_input_equals_output,non_metallic_minerals,19.54939214,19.54939214,1.000003635e-09,5.115267156e-11
1991,haas2020_input_equals_output,non_metallic_minerals,20.94830652,20.94830652,-7.105427358e-15,-3.391886285e-16
1992,haas2020_input_equals_output,non_metallic_minerals,21.1706547,21.1706547,-5.000000414e-09,-2.361759938e-10
1993,haas2020_input_equals_output,non_metallic_minerals,22.95462405,22.95462405,3.552713679e-15,1.547711551e-16
1994,haas2020_input_equals_output,non_metallic_minerals,24.00610332,24.00610332,2.000000165e-09,8.331215351e-11
1995,haas2020_input_equals_output,non_metallic_minerals,26.57469882,26.57469881,4.999996861e-09,1.881487687e-10
1996,haas2020_input_equals_output,non_metallic_minerals,26.68723454,26.68723455,-5.000000414e-09,-1.873555091e-10
1997,haas2020_input_equals_output,non_metallic_minerals,27.16003651,27.1600365,9.000004297e-09,3.313693741e-10
1998,haas2020_input_equals_output,non_metallic_minerals,28.36731211,28.3673121,6.000000496e-09,2.115110686e-10
1999,haas2020_input_equals_output,non_metallic_minerals,29.08657768,29.08657769,-1.200000455e-08,-4.125615835e-10
2000,haas2020_input_equals_output,non_metallic_minerals,29.59266674,29.59266674,-5.000000414e-09,-1.689607921e-10
2001,haas2020_input_equals_output,non_metallic_minerals,29.74349705,29.74349706,-2.000000165e-09,-6.724159442e-11
2002,haas2020_input_equals_output,non_metallic_minerals,30.11942643,30.11942644,-3.000000248e-09,-9.960349859e-11
2003,haas2020_input_equals_output,non_metallic_minerals,31.99396616,31.99396616,3.999993226e-09,1.250233624e-10
2004,haas2020_input_equals_output,non_metallic_minerals,33.46620707,33.46620707,9.9999653e-10,2.988078475e-11
2005,haas2020_input_equals_output,non_metallic_minerals,35.1846111,35.1846111,1.000003635e-09,2.842161968e-11
2006,haas2020_input_equals_output,non_metallic_minerals,37.72616718,37.72616718,9.9999653e-10,2.650670886e-11
2007,haas2020_input_equals_output,non_metallic_minerals,39.43103781,39.43103781,-9.9999653e-10,-2.536064445e-11
2008,haas2020_input_equals_output,non_metallic_minerals,39.56384549,39.56384549,0,0
2009,haas2020_input_equals_output,non_metallic_minerals,41.0604495,41.0604495,-1.000003635e-09,-2.435442494e-11
2010,haas2020_input_equals_output,non_metallic_minerals,43.25925044,43.25925044,0,0
2011,haas2020_input_equals_output,non_metallic_minerals,46.37740272,46.37740272,4.000000331e-09,8.624890779e-11
2012,haas2020_input_equals_output,non_metallic_minerals,47.81717473,47.81717473,-4.999996861e-09,-1.045648742e-10
2013,haas2020_input_equals_output,non_metallic_minerals,49.73704767,49.73704767,2.000000165e-09,4.021147734e-11
2014,haas2020_input_equals_output,non_metallic_minerals,50.93035997,50.93035996,1.299999752e-08,2.552504543e-10
2015,haas2020_input_equals_output,non_metallic_minerals,50.63954596,50.63954596,-4.000000331e-09,-7.898965631e-11
1900,krausmann2018_extraction_equals_dpo_plus_nas,total,7.281262027,7.281262027,-1.999991284e-10,-2.746764608e-11
1901,krausmann2018_extraction_equals_dpo_plus_nas,total,7.402502529,7.402502529,3.000000248e-10,4.052683855e-11
1902,krausmann2018_extraction_equals_dpo_plus_nas,total,7.501325273,7.501325272,5.000000414e-10,6.665489406e-11
1903,krausmann2018_extraction_equals_dpo_plus_nas,total,7.691972084,7.691972084,4.000000331e-10,5.200227311e-11
1904,krausmann2018_extraction_equals_dpo_plus_nas,total,7.779274113,7.779274113,-3.00000913e-10,-3.856412676e-11
1905,krausmann2018_extraction_equals_dpo_plus_nas,total,7.971786085,7.971786085,1.000000083e-10,1.25442413e-11
1906,krausmann2018_extraction_equals_dpo_plus_nas,total,8.136722568,8.136722568,0,0
1907,krausmann2018_extraction_equals_dpo_plus_nas,total,8.396613628,8.396613628,0,0
1908,krausmann2018_extraction_equals_dpo_plus_nas,total,8.406813134,8.406813134,-1.000000083e-10,-1.189511491e-11
1909,krausmann2018_extraction_equals_dpo_plus_nas,total,8.587699931,8.587699931,0,0
1910,krausmann2018_extraction_equals_dpo_plus_nas,total,8.747124079,8.747124079,-3.999982567e-10,-4.572911658e-11
1911,krausmann2018_extraction_equals_dpo_plus_nas,total,8.857435956,8.857435956,-3.000000248e-10,-3.386984973e-11
1912,krausmann2018_extraction_equals_dpo_plus_nas,total,9.059822328,9.059822327,6.000000496e-10,6.622646978e-11
1913,krausmann2018_extraction_equals_dpo_plus_nas,total,9.301464763,9.301464763,-3.000000248e-10,-3.225298729e-11
1914,krausmann2018_extraction_equals_dpo_plus_nas,total,9.111423404,9.111423404,3.000000248e-10,3.292570343e-11
1915,krausmann2018_extraction_equals_dpo_plus_nas,total,9.14294769,9.14294769,-2.000000165e-10,-2.187478517e-11
1916,krausmann2018_extraction_equals_dpo_plus_nas,total,9.380735227,9.380735227,0,0
1917,krausmann2018_extraction_equals_dpo_plus_nas,total,9.509155965,9.509155965,1.000000083e-10,1.051618131e-11
1918,krausmann2018_extraction_equals_dpo_plus_nas,total,9.554500509,9.554500508,7.000000579e-10,7.326390922e-11
1919,krausmann2018_extraction_equals_dpo_plus_nas,total,9.294377385,9.294377385,1.000000083e-10,1.075919388e-11
1920,krausmann2018_extraction_equals_dpo_plus_nas,total,9.683709204,9.683709204,-1.000017846e-10,-1.032680583e-11
1921,krausmann2018_extraction_equals_dpo_plus_nas,total,9.431403358,9.431403358,-2.999982485e-10,-3.180844219e-11
1922,krausmann2018_extraction_equals_dpo_plus_nas,total,9.7751722,9.7751722,-3.000000248e-10,-3.068999898e-11
1923,krausmann2018_extraction_equals_dpo_plus_nas,total,10.14775122,10.14775123,-5.100000422e-09,-5.025744435e-10
1924,krausmann2018_extraction_equals_dpo_plus_nas,total,10.32363582,10.32363582,-2.200000182e-09,-2.131032342e-10
1925,krausmann2018_extraction_equals_dpo_plus_nas,total,10.52186014,10.52186014,1.800000149e-09,1.710724268e-10
1926,krausmann2018_extraction_equals_dpo_plus_nas,total,10.6813256,10.6813256,-3.000018012e-10,-2.808657019e-11
1927,krausmann2018_extraction_equals_dpo_plus_nas,total,10.98647892,10.98647892,1.100000091e-09,1.001230785e-10
1928,krausmann2018_extraction_equals_dpo_plus_nas,total,11.29296211,11.29296211,2.000000165e-09,1.771014678e-10
1929,krausmann2018_extraction_equals_dpo_plus_nas,total,11.4558046,11.45580461,-6.000000496e-09,-5.237519935e-10
1930,krausmann2018_extraction_equals_dpo_plus_nas,total,11.30461227,11.30461228,-5.299998662e-09,-4.68835068e-10
1931,krausmann2018_extraction_equals_dpo_plus_nas,total,11.01882162,11.01882162,3.400000281e-09,3.08562966e-10
1932,krausmann2018_extraction_equals_dpo_plus_nas,total,10.71308999,10.71308999,-3.09999848e-09,-2.893654849e-10
1933,krausmann2018_extraction_equals_dpo_plus_nas,total,10.87947286,10.87947286,1.100000091e-09,1.011078483e-10
1934,krausmann2018_extraction_equals_dpo_plus_nas,total,11.256925,11.25692499,5.500000455e-09,4.885881762e-10
1935,krausmann2018_extraction_equals_dpo_plus_nas,total,11.49833958,11.49833958,4.000000331e-10,3.478763436e-11
1936,krausmann2018_extraction_equals_dpo_plus_nas,total,11.85146005,11.85146005,-3.999998555e-09,-3.375110356e-10
1937,krausmann2018_extraction_equals_dpo_plus_nas,total,12.33367145,12.33367145,2.000000165e-09,1.6215773e-10
1938,krausmann2018_extraction_equals_dpo_plus_nas,total,12.16295606,12.16295606,-2.999998472e-09,-2.466504407e-10
1939,krausmann2018_extraction_equals_dpo_plus_nas,total,12.53721815,12.53721815,1.999998389e-09,1.595248934e-10
1940,krausmann2018_extraction_equals_dpo_plus_nas,total,12.84606239,12.84606239,-4.000000331e-09,-3.113794881e-10
1941,krausmann2018_extraction_equals_dpo_plus_nas,total,13.08400292,13.08400292,2.999998472e-09,2.292875116e-10
1942,krausmann2018_extraction_equals_dpo_plus_nas,total,13.09770308,13.09770308,2.000000165e-09,1.526985421e-10
1943,krausmann2018_extraction_equals_dpo_plus_nas,total,13.22306292,13.22306292,3.000000248e-09,2.268763498e-10
1944,krausmann2018_extraction_equals_dpo_plus_nas,total,13.15016896,13.15016896,0,0
1945,krausmann2018_extraction_equals_dpo_plus_nas,total,12.64295712,12.64295712,1.000000083e-09,7.909542627e-11
1946,krausmann2018_extraction_equals_dpo_plus_nas,total,13.05343476,13.05343476,1.000000083e-09,7.660819555e-11
1947,krausmann2018_extraction_equals_dpo_plus_nas,total,13.69404957,13.69404957,4.000000331e-09,2.920976962e-10
1948,krausmann2018_extraction_equals_dpo_plus_nas,total,14.15370607,14.15370607,4.000000331e-09,2.826115161e-10
1949,krausmann2018_extraction_equals_dpo_plus_nas,total,14.33128488,14.33128488,0,0
1950,krausmann2018_extraction_equals_dpo_plus_nas,total,14.98945685,14.98945685,-2.000000165e-09,-1.334271272e-10
1951,krausmann2018_extraction_equals_dpo_plus_nas,total,15.63922635,15.63922634,6.999998803e-09,4.475923966e-10
1952,krausmann2018_extraction_equals_dpo_plus_nas,total,16.08032553,16.08032553,4.000000331e-09,2.487512037e-10
1953,krausmann2018_extraction_equals_dpo_plus_nas,total,16.50993427,16.50993427,-5.000000414e-09,-3.028479903e-10
1954,krausmann2018_extraction_equals_dpo_plus_nas,total,17.05367874,17.05367874,0,0
1955,krausmann2018_extraction_equals_dpo_plus_nas,total,17.70593459,17.70593459,-4.000000331e-09,-2.259129735e-10
1956,krausmann2018_extraction_equals_dpo_plus_nas,total,18.45553898,18.45553898,-1.000000083e-09,-5.418427952e-11
1957,krausmann2018_extraction_equals_dpo_plus_nas,total,19.01734689,19.0173469,-8.000000662e-09,-4.206685984e-10
1958,krausmann2018_extraction_equals_dpo_plus_nas,total,19.53526918,19.53526919,-6.000000496e-09,-3.071368222e-10
1959,krausmann2018_extraction_equals_dpo_plus_nas,total,20.34125246,20.34125246,-4.000000331e-09,-1.966447415e-10
1960,krausmann2018_extraction_equals_dpo_plus_nas,total,21.27379464,21.27379464,2.000000165e-09,9.401238469e-11
1961,krausmann2018_extraction_equals_dpo_plus_nas,total,21.82592137,21.82592137,3.000000248e-09,1.374512534e-10
1962,krausmann2018_extraction_equals_dpo_plus_nas,total,22.67795252,22.67795252,0,0
1963,krausmann2018_extraction_equals_dpo_plus_nas,total,23.68982223,23.68982223,-3.000000248e-09,-1.26636672e-10
1964,krausmann2018_extraction_equals_dpo_plus_nas,total,25.05214418,25.05214418,-4.000003884e-09,-1.596671269e-10
1965,krausmann2018_extraction_equals_dpo_plus_nas,total,25.6279301,25.6279301,4.000000331e-09,1.560797269e-10
1966,krausmann2018_extraction_equals_dpo_plus_nas,total,26.98654478,26.98654477,5.000000414e-09,1.85277532e-10
1967,krausmann2018_extraction_equals_dpo_plus_nas,total,27.50298139,27.50298139,-3.000000248e-09,-1.090790924e-10
1968,krausmann2018_extraction_equals_dpo_plus_nas,total,28.82397113,28.82397114,-5.999996944e-09,-2.081599692e-10
1969,krausmann2018_extraction_equals_dpo_plus_nas,total,29.61849955,29.61849955,-3.552713679e-15,-1.199491444e-16
1970,krausmann2018_extraction_equals_dpo_plus_nas,total,31.19700793,31.19700793,0,0
1971,krausmann2018_extraction_equals_dpo_plus_nas,total,31.99215635,31.99215635,2.000000165e-09,6.251532856e-11
1972,krausmann2018_extraction_equals_dpo_plus_nas,total,33.64892248,33.64892248,7.105427358e-15,2.111635926e-16
1973,krausmann2018_extraction_equals_dpo_plus_nas,total,34.98198897,34.98198896,1.000000083e-08,2.858614139e-10
1974,krausmann2018_extraction_equals_dpo_plus_nas,total,35.59786317,35.59786317,0,0
1975,krausmann2018_extraction_equals_dpo_plus_nas,total,35.45574613,35.45574613,7.105427358e-15,2.004027029e-16
1976,krausmann2018_extraction_equals_dpo_plus_nas,total,36.29020995,36.29020995,0,0
1977,krausmann2018_extraction_equals_dpo_plus_nas,total,37.03497017,37.03497017,0,0
1978,krausmann2018_extraction_equals_dpo_plus_nas,total,38.21873715,38.21873715,0,0
1979,krausmann2018_extraction_equals_dpo_plus_nas,total,39.10850908,39.10850909,-1.000000083e-08,-2.556988508e-10
1980,krausmann2018_extraction_equals_dpo_plus_nas,total,39.16208093,39.16208093,0,0
1981,krausmann2018_extraction_equals_dpo_plus_nas,total,38.86754172,38.86754172,0,0
1982,krausmann2018_extraction_equals_dpo_plus_nas,total,39.07552347,39.07552346,1.000000083e-08,2.55914699e-10
1983,krausmann2018_extraction_equals_dpo_plus_nas,total,39.16888236,39.16888235,9.999993722e-09,2.553045458e-10
1984,krausmann2018_extraction_equals_dpo_plus_nas,total,40.92896959,40.92896959,0,0
1985,krausmann2018_extraction_equals_dpo_plus_nas,total,41.42160956,41.42160956,0,0
1986,krausmann2018_extraction_equals_dpo_plus_nas,total,42.43057199,42.43057199,0,0
1987,krausmann2018_extraction_equals_dpo_plus_nas,total,43.51615831,43.51615831,0,0
1988,krausmann2018_extraction_equals_dpo_plus_nas,total,45.26677682,45.26677682,0,0
1989,krausmann2018_extraction_equals_dpo_plus_nas,total,45.62795922,45.62795922,0,0
1990,krausmann2018_extraction_equals_dpo_plus_nas,total,45.9620898,45.96208981,-9.999993722e-09,-2.175704753e-10
1991,krausmann2018_extraction_equals_dpo_plus_nas,total,46.94918438,46.94918438,-7.105427358e-15,-1.51342935e-16
1992,krausmann2018_extraction_equals_dpo_plus_nas,total,47.06854788,47.06854788,-7.105427358e-15,-1.509591368e-16
1993,krausmann2018_extraction_equals_dpo_plus_nas,total,48.42539901,48.42539902,-1.000000083e-08,-2.0650322e-10
1994,krausmann2018_extraction_equals_dpo_plus_nas,total,49.75365363,49.75365364,-1.000000083e-08,-2.009902811e-10
1995,krausmann2018_extraction_equals_dpo_plus_nas,total,52.70309856,52.70309856,0,0
1996,krausmann2018_extraction_equals_dpo_plus_nas,total,53.46427333,53.46427333,0,0
1997,krausmann2018_extraction_equals_dpo_plus_nas,total,54.09420464,54.09420463,9.999993722e-09,1.848625706e-10
1998,krausmann2018_extraction_equals_dpo_plus_nas,total,55.37204418,55.37204417,1.000000793e-08,1.805966906e-10
1999,krausmann2018_extraction_equals_dpo_plus_nas,total,56.20039616,56.20039616,0,0
2000,krausmann2018_extraction_equals_dpo_plus_nas,total,57.1705816,57.1705816,0,0
2001,krausmann2018_extraction_equals_dpo_plus_nas,total,57.54975487,57.54975487,0,0
2002,krausmann2018_extraction_equals_dpo_plus_nas,total,58.13417878,58.13417878,0,0
2003,krausmann2018_extraction_equals_dpo_plus_nas,total,60.88263583,60.88263583,0,0
2004,krausmann2018_extraction_equals_dpo_plus_nas,total,63.82462409,63.82462409,0,0
2005,krausmann2018_extraction_equals_dpo_plus_nas,total,66.43581979,66.4358198,-9.999993722e-09,-1.505211158e-10
2006,krausmann2018_extraction_equals_dpo_plus_nas,total,69.89720846,69.89720846,0,0
2007,krausmann2018_extraction_equals_dpo_plus_nas,total,72.75333144,72.75333144,-1.421085472e-14,-1.953292644e-16
2008,krausmann2018_extraction_equals_dpo_plus_nas,total,73.87874914,73.87874914,0,0
2009,krausmann2018_extraction_equals_dpo_plus_nas,total,75.18374798,75.18374798,1.421085472e-14,1.890149813e-16
2010,krausmann2018_extraction_equals_dpo_plus_nas,total,78.55962722,78.55962722,0,0
2011,krausmann2018_extraction_equals_dpo_plus_nas,total,83.2492244,83.24922441,-9.999993722e-09,-1.201211638e-10
2012,krausmann2018_extraction_equals_dpo_plus_nas,total,84.91511564,84.91511564,0,0
2013,krausmann2018_extraction_equals_dpo_plus_nas,total,87.87265381,87.87265381,0,0
2014,krausmann2018_extraction_equals_dpo_plus_nas,total,89.29127028,89.29127028,1.421085472e-14,1.591516693e-16
2015,krausmann2018_extraction_equals_dpo_plus_nas,total,88.90689205,88.90689205,0,0
1900,cross_source_input_equals_output,total,7.562158994,7.56457882,-0.002419826184,-0.000319991445
1901,cross_source_input_equals_output,total,7.686335867,7.688758268,-0.002422401535,-0.0003151568676
1902,cross_source_input_equals_output,total,7.790155792,7.792570163,-0.002414370972,-0.0003099258906
1903,cross_source_input_equals_output,total,7.983983996,7.986400437,-0.00241644143,-0.0003026611064
1904,cross_source_input_equals_output,total,8.076625197,8.07904959,-0.002424392532,-0.0003001739554
1905,cross_source_input_equals_output,total,8.273603773,8.276021612,-0.002417838524,-0.0002922352327
1906,cross_source_input_equals_output,total,8.443087807,8.445499059,-0.002411252478,-0.0002855889377
1907,cross_source_input_equals_output,total,8.704545906,8.706965864,-0.002419957023,-0.0002780107141
1908,cross_source_input_equals_output,total,8.723291079,8.725712901,-0.002421821867,-0.0002776270842
1909,cross_source_input_equals_output,total,8.907251356,8.909672876,-0.002421520586,-0.0002718594648
1910,cross_source_input_equals_output,total,9.070872924,9.073290004,-0.002417080367,-0.000266466126
1911,cross_source_input_equals_output,total,9.184150934,9.186572404,-0.002421470041,-0.0002636574745
1912,cross_source_input_equals_output,total,9.392569921,9.394984082,-0.002414160584,-0.0002570287583
1913,cross_source_input_equals_output,total,9.639078227,9.641501885,-0.002423657951,-0.0002514408426
1914,cross_source_input_equals_output,total,9.451995049,9.454521678,-0.002526629275,-0.0002673117434
1915,cross_source_input_equals_output,total,9.486919205,9.489437979,-0.002518773981,-0.0002654996766
1916,cross_source_input_equals_output,total,9.730804165,9.733333044,-0.00252887901,-0.0002598838664
1917,cross_source_input_equals_output,total,9.864582783,9.867107775,-0.00252499162,-0.0002559653739
1918,cross_source_input_equals_output,total,9.915135243,9.917658574,-0.00252333161,-0.0002544929089
1919,cross_source_input_equals_output,total,9.658477786,9.661002271,-0.00252448541,-0.0002613750806
1920,cross_source_input_equals_output,total,10.05458235,10.05710779,-0.00252544039,-0.0002511730773
1921,cross_source_input_equals_output,total,9.802555282,9.805080173,-0.00252489157,-0.0002575748361
1922,cross_source_input_equals_output,total,10.14719458,10.14972117,-0.00252659622,-0.0002489945571
1923,cross_source_input_equals_output,total,10.52390542,10.52642939,-0.00252397348,-0.0002398323987
1924,cross_source_input_equals_output,total,10.70418896,10.70671468,-0.00252571558,-0.0002359558103
1925,cross_source_input_equals_output,total,10.9033414,10.90586458,-0.00252317823,-0.0002314133014
1926,cross_source_input_equals_output,total,11.06782441,11.0703548,-0.00253038506,-0.0002286253346
1927,cross_source_input_equals_output,total,11.37647944,11.37899981,-0.00252036488,-0.000221541725
1928,cross_source_input_equals_output,total,11.68375137,11.68627794,-0.00252657449,-0.0002162468552
1929,cross_source_input_equals_output,total,11.85156183,11.85409008,-0.00252824726,-0.0002133260828
1930,cross_source_input_equals_output,total,11.70495244,11.70747393,-0.0025214914,-0.0002154209009
1931,cross_source_input_equals_output,total,11.41900588,11.42097724,-0.00197136394,-0.000172638841
1932,cross_source_input_equals_output,total,11.11688522,11.11884531,-0.00196009317,-0.0001763167588
1933,cross_source_input_equals_output,total,11.28743354,11.28939848,-0.00196494632,-0.0001740826481
1934,cross_source_input_equals_output,total,11.66470727,11.66668278,-0.0019755132,-0.0001693581462
1935,cross_source_input_equals_output,total,11.90961842,11.91158159,-0.0019631714,-0.000164839152
1936,cross_source_input_equals_output,total,12.26377246,12.2657456,-0.00197314628,-0.0001608922774
1937,cross_source_input_equals_output,total,12.74778085,12.74974371,-0.00196285906,-0.00015397653
1938,cross_source_input_equals_output,total,12.57985612,12.58182809,-0.00197197736,-0.00015675675
1939,cross_source_input_equals_output,total,12.95804666,12.96000399,-0.00195732875,-0.0001510512194
1940,cross_source_input_equals_output,total,13.26739279,13.26936146,-0.00196867159,-0.0001483842094
1941,cross_source_input_equals_output,total,13.50911175,13.51108692,-0.00197517773,-0.0001462107774
1942,cross_source_input_equals_output,total,13.52415605,13.52611999,-0.0019639452,-0.0001452175791
1943,cross_source_input_equals_output,total,13.65161528,13.65357339,-0.00195811202,-0.0001434344566
1944,cross_source_input_equals_output,total,13.57935984,13.58133159,-0.00197174759,-0.0001452018072
1945,cross_source_input_equals_output,total,13.07542079,13.07738629,-0.00196549569,-0.0001503198804
1946,cross_source_input_equals_output,total,13.48691989,13.48889653,-0.00197663388,-0.0001465593253
1947,cross_source_input_equals_output,total,14.12801925,14.12998535,-0.00196610004,-0.0001391631768
1948,cross_source_input_equals_output,total,14.59145235,14.59341568,-0.00196333035,-0.0001345534566
1949,cross_source_input_equals_output,total,14.77034583,14.77231943,-0.0019735942,-0.0001336186859
1950,cross_source_input_equals_output,total,15.4302956,15.43225849,-0.00196289275,-0.0001272103141
1951,cross_source_input_equals_output,total,16.07850591,16.08510245,-0.00659654063,-0.000410270747
1952,cross_source_input_equals_output,total,16.51888442,16.52548297,-0.00659855509,-0.0003994552491
1953,cross_source_input_equals_output,total,16.95283209,16.95943789,-0.00660580308,-0.0003896577897
1954,cross_source_input_equals_output,total,17.49603479,17.50266131,-0.00662651656,-0.0003787439062
1955,cross_source_input_equals_output,total,18.15324234,18.15991467,-0.0066723397,-0.0003675563614
1956,cross_source_input_equals_output,total,18.90268827,18.90939988,-0.00671161263,-0.0003550612768
1957,cross_source_input_equals_output,total,19.46698323,19.47375599,-0.00677275617,-0.000347909899
1958,cross_source_input_equals_output,total,19.98705954,19.99388941,-0.00682987635,-0.000341714915
1959,cross_source_input_equals_output,total,20.7933839,20.80026565,-0.00688175657,-0.0003309589533
1960,cross_source_input_equals_output,total,21.73338112,21.74032629,-0.00694517286,-0.0003195624657
1961,cross_source_input_equals_output,total,22.29244152,22.29965546,-0.00721394828,-0.0003236051231
1962,cross_source_input_equals_output,total,23.14909551,23.15378746,-0.00469194697,-0.0002026838141
1963,cross_source_input_equals_output,total,24.16518476,24.17166641,-0.00648165183,-0.0002682227301
1964,cross_source_input_equals_output,total,25.53954818,25.55331571,-0.0137675335,-0.0005390672303
1965,cross_source_input_equals_output,total,26.12312259,26.13779268,-0.01467008597,-0.0005615747474
1966,cross_source_input_equals_output,total,27.49127076,27.50235032,-0.01107956577,-0.0004030212305
1967,cross_source_input_equals_output,total,28.02361702,28.03791189,-0.01429487101,-0.0005101008553
1968,cross_source_input_equals_output,total,29.35715254,29.36735926,-0.01020671101,-0.0003476737396
1969,cross_source_input_equals_output,total,30.15973336,30.16931923,-0.00958586569,-0.000317836553
1970,cross_source_input_equals_output,total,31.75864133,31.77159993,-0.01295860283,-0.0004080339174
1971,cross_source_input_equals_output,total,32.58312989,32.60340143,-0.02027153797,-0.0006221482724
1972,cross_source_input_equals_output,total,34.27100465,34.28879447,-0.01778981421,-0.0005190922877
1973,cross_source_input_equals_output,total,35.63533653,35.65240195,-0.01706542511,-0.0004788905275
1974,cross_source_input_equals_output,total,36.28879124,36.3007853,-0.01199405761,-0.0003305168677
1975,cross_source_input_equals_output,total,36.17453551,36.17150913,0.00302637628,8.366040467e-05
1976,cross_source_input_equals_output,total,37.04507034,37.05296894,-0.007898603074,-0.0002132160366
1977,cross_source_input_equals_output,total,37.83580294,37.8438359,-0.008032960304,-0.0002123110832
1978,cross_source_input_equals_output,total,39.06389629,39.07340633,-0.009510037082,-0.0002434482472
1979,cross_source_input_equals_output,total,39.99930775,40.01657779,-0.01727004218,-0.0004317585267
1980,cross_source_input_equals_output,total,40.1152948,40.1301979,-0.01490310106,-0.0003715067066
1981,cross_source_input_equals_output,total,39.88345977,39.89309209,-0.009632322155,-0.0002415116996
1982,cross_source_input_equals_output,total,40.15090725,40.16075896,-0.009851704886,-0.0002453669309
1983,cross_source_input_equals_output,total,40.32259352,40.33498005,-0.01238653262,-0.0003071859109
1984,cross_source_input_equals_output,total,42.1600821,42.16854321,-0.008461111596,-0.000200690112
1985,cross_source_input_equals_output,total,42.7344991,42.74557051,-0.01107140604,-0.0002590741971
1986,cross_source_input_equals_output,total,43.83158975,43.84085223,-0.009262481115,-0.000211319762
1987,cross_source_input_equals_output,total,45.0106233,45.02609413,-0.01547082748,-0.0003437150243
1988,cross_source_input_equals_output,total,46.8663705,46.87853879,-0.01216829018,-0.0002596379887
1989,cross_source_input_equals_output,total,47.33334661,47.35165057,-0.01830395433,-0.000386703152
1990,cross_source_input_equals_output,total,47.76678863,47.77916804,-0.01237940426,-0.0002591634192
1991,cross_source_input_equals_output,total,48.86734019,48.87574592,-0.008405723717,-0.000172011075
1992,cross_source_input_equals_output,total,49.12825728,49.13921538,-0.01095810183,-0.0002230508964
1993,cross_source_input_equals_output,total,50.61037561,50.60558332,0.004792286447,9.468980203e-05
1994,cross_source_input_equals_output,total,52.07982921,52.0909487,-0.01111948936,-0.0002135085605
1995,cross_source_input_equals_output,total,55.15504992,55.1670422,-0.01199227909,-0.0002174284876
1996,cross_source_input_equals_output,total,56.06144661,56.07010352,-0.008656914633,-0.0001544183241
1997,cross_source_input_equals_output,total,56.82906993,56.82774938,0.001320553717,2.323729244e-05
1998,cross_source_input_equals_output,total,58.23841776,58.23671479,0.00170296137,2.924120255e-05
1999,cross_source_input_equals_output,total,59.1936702,59.20063268,-0.00696247857,-0.0001176220117
2000,cross_source_input_equals_output,total,60.30386219,60.31654317,-0.01268097793,-0.0002102846728
2001,cross_source_input_equals_output,total,60.83172173,60.84186997,-0.01014824207,-0.0001668248371
2002,cross_source_input_equals_output,total,61.54236089,61.55897998,-0.01661909307,-0.0002700431513
2003,cross_source_input_equals_output,total,64.44151301,64.45358541,-0.01207239338,-0.0001873387637
2004,cross_source_input_equals_output,total,67.53406796,67.55546228,-0.02139431839,-0.0003167929763
2005,cross_source_input_equals_output,total,70.32953724,70.35114045,-0.02160321056,-0.0003071712314
2006,cross_source_input_equals_output,total,73.95695939,73.97527632,-0.01831692725,-0.0002476700962
2007,cross_source_input_equals_output,total,76.98845346,77.00701833,-0.01856486547,-0.0002411383089
2008,cross_source_input_equals_output,total,78.32135439,78.33215461,-0.01080022005,-0.000137896237
2009,cross_source_input_equals_output,total,79.81450233,79.82346317,-0.00896084415,-0.0001122708767
2010,cross_source_input_equals_output,total,83.4196366,83.43186138,-0.01222477757,-0.0001465455625
2011,cross_source_input_equals_output,total,88.3101469,88.31777206,-0.00762515302,-8.634515158e-05
2012,cross_source_input_equals_output,total,90.2378479,90.23966943,-0.00182152701,-2.018584277e-05
2013,cross_source_input_equals_output,total,93.45067216,93.457617,-0.00694484295,-7.43156019e-05
2014,cross_source_input_equals_output,total,95.12723692,95.1404446,-0.01320767256,-0.0001388421759
2015,cross_source_input_equals_output,total,95.01933262,95.03694165,-0.01760902579,-0.0001853204533
