year,series,category,source_a,value_a,source_b,value_b,rel_diff
1949,N,total,krausmann2018,14.33128488,krausmann2009,13.61127284,0.05153515632
1949,N,total,krausmann2009,13.61127284,haas2020,14.33128488,0.05153515612
1950,N,total,krausmann2018,14.98945685,krausmann2009,14.14954761,0.05764845132
1950,N,total,krausmann2009,14.14954761,haas2020,14.98945685,0.05764845163
1951,N,total,krausmann2018,15.63922635,krausmann2009,14.67451233,0.06364863339
1951,N,total,krausmann2009,14.67451233,haas2020,15.63922635,0.06364863319
1952,N,total,krausmann2018,16.08032553,krausmann2009,15.01025548,0.06883564187
1952,N,total,krausmann2009,15.01025548,haas2020,16.08032553,0.0688356418
1953,N,total,krausmann2018,16.50993427,krausmann2009,15.41121842,0.06883935932
1953,N,total,krausmann2009,15.41121842,haas2020,16.50993427,0.06883935959
1954,N,total,krausmann2018,17.05367874,krausmann2009,15.83154193,0.07432742035
1954,N,total,krausmann2009,15.83154193,haas2020,17.05367874,0.07432742033
1955,N,total,krausmann2018,17.70593459,krausmann2009,16.46568308,0.07258956962
1955,N,total,krausmann2009,16.46568308,haas2020,17.70593459,0.07258956983
1956,N,total,krausmann2018,18.45553898,krausmann2009,17.05851702,0.07867431194
1956,N,total,krausmann2009,17.05851702,haas2020,18.45553898,0.07867431191
1957,N,total,krausmann2018,19.01734689,krausmann2009,17.53042911,0.08136844113
1957,N,total,krausmann2009,17.53042911,haas2020,19.01734689,0.08136844136
1958,N,total,krausmann2018,19.53526918,krausmann2009,17.92379459,0.08603923472
1958,N,total,krausmann2009,17.92379459,haas2020,19.53526919,0.08603923497
1959,N,total,krausmann2018,20.34125246,krausmann2009,18.6590153,0.08626798002
1959,N,total,krausmann2009,18.6590153,haas2020,20.34125246,0.08626798025
1960,N,total,krausmann2018,21.27379464,krausmann2009,19.4666473,0.08871515644
1960,N,total,krausmann2009,19.4666473,haas2020,21.27379464,0.08871515632
1961,N,total,krausmann2018,21.82592137,krausmann2009,19.8402998,0.09531085442
1961,N,total,krausmann2009,19.8402998,haas2020,21.82592137,0.09531085439
1962,N,total,krausmann2018,22.67795252,krausmann2009,20.4933888,0.1012043478
1962,N,total,krausmann2009,20.4933888,haas2020,22.67795252,0.1012043478
1963,N,total,krausmann2018,23.68982223,krausmann2009,21.3172402,0.1054315435
1963,N,total,krausmann2009,21.3172402,haas2020,23.68982223,0.1054315437
1964,N,total,krausmann2018,25.05214418,krausmann2009,22.47642641,0.1083860818
1964,N,total,krausmann2009,22.47642641,haas2020,25.05214419,0.1083860821
1965,N,total,krausmann2018,25.6279301,krausmann2009,22.90870654,0.1120482896
1965,N,total,krausmann2009,22.90870654,haas2020,25.6279301,0.1120482897
1966,N,total,krausmann2018,26.98654478,krausmann2009,23.87866176,0.1222007432
1966,N,total,krausmann2009,23.87866176,haas2020,26.98654478,0.1222007433
1967,N,total,krausmann2018,27.50298139,krausmann2009,24.390663,0.119949887
1967,N,total,krausmann2009,24.390663,haas2020,27.50298139,0.1199498869
1968,N,total,krausmann2018,28.82397113,krausmann2009,25.46337532,0.1238077022
1968,N,total,krausmann2009,25.46337532,haas2020,28.82397113,0.1238077022
1969,N,total,krausmann2018,29.61849955,krausmann2009,26.17462168,0.1234517014
1969,N,total,krausmann2009,26.17462168,haas2020,29.61849954,0.1234517012
1970,N,biomass,krausmann2018,11.57350618,unep_irp,12.58171182,0.08347725448
1970,N,biomass,krausmann2009,11.46514762,unep_irp,12.58171182,0.09286569856
1970,N,biomass,unep_irp,12.58171182,haas2020,11.57350618,0.08347725448
1970,N,metals,krausmann2018,1.54308837,unep_irp,2.655734908,0.5299801703
1970,N,metals,unep_irp,2.655734908,haas2020,1.54308837,0.5299801703
1970,N,non_metallic_minerals,krausmann2018,11.77108857,unep_irp,9.56080484,0.2072280868
1970,N,non_metallic_minerals,unep_irp,9.56080484,haas2020,11.77108857,0.2072280868
1970,N,total,krausmann2018,31.19700793,krausmann2009,27.31248987,0.1327824783
1970,N,total,krausmann2009,27.31248987,unep_irp,30.94237733,0.1246209161
1970,N,total,krausmann2009,27.31248987,haas2020,31.19700793,0.1327824783
1971,N,biomass,krausmann2018,11.92007202,unep_irp,12.82562557,0.0731887672
1971,N,biomass,krausmann2009,11.73528511,unep_irp,12.82562557,0.08878664755
1971,N,biomass,unep_irp,12.82562557,haas2020,11.92007202,0.0731887672
1971,N,metals,krausmann2018,1.561165909,unep_irp,2.669072771,0.5238034758
1971,N,metals,unep_irp,2.669072771,haas2020,1.561165909,0.5238034758
1971,N,non_metallic_minerals,krausmann2018,11.99821731,unep_irp,10.15985174,0.165931929
1971,N,non_metallic_minerals,unep_irp,10.15985174,haas2020,11.99821731,0.165931929
1971,N,total,krausmann2018,31.99215635,krausmann2009,27.98617621,0.1335809106
1971,N,total,krausmann2009,27.98617621,unep_irp,31.95345929,0.1323759495
1971,N,total,krausmann2009,27.98617621,haas2020,31.99215634,0.1335809103
1972,N,biomass,krausmann2018,11.91285869,unep_irp,12.77475209,0.06982396212
1972,N,biomass,krausmann2009,11.80265646,unep_irp,12.77475209,0.07910481107
1972,N,biomass,unep_irp,12.77475209,haas2020,11.91285869,0.06982396212
1972,N,metals,krausmann2018,1.595636301,unep_irp,2.792168749,0.5453899772
1972,N,metals,unep_irp,2.792168749,haas2020,1.595636301,0.5453899772
1972,N,non_metallic_minerals,krausmann2018,13.39370937,unep_irp,10.5889528,0.2338986848
1972,N,non_metallic_minerals,unep_irp,10.5889528,haas2020,13.39370937,0.2338986848
1972,N,total,krausmann2018,33.64892248,krausmann2009,29.11365354,0.1445214402
1972,N,total,krausmann2009,29.11365354,unep_irp,32.70226377,0.1161063489
1972,N,total,krausmann2009,29.11365354,haas2020,33.64892248,0.1445214403
1973,N,biomass,krausmann2018,12.38955295,unep_irp,13.38619267,0.07733159185
1973,N,biomass,krausmann2009,12.26920466,unep_irp,13.38619267,0.0870762589
1973,N,biomass,unep_irp,13.38619267,haas2020,12.38955295,0.07733159185
1973,N,metals,krausmann2018,1.717560089,unep_irp,2.929051437,0.5214515314
1973,N,metals,unep_irp,2.929051437,haas2020,1.717560089,0.5214515314
1973,N,non_metallic_minerals,krausmann2018,13.81448999,unep_irp,11.36872444,0.1942377576
1973,N,non_metallic_minerals,unep_irp,11.36872444,haas2020,13.81448999,0.1942377576
1973,N,total,krausmann2018,34.98198897,krausmann2009,30.44569347,0.1386659387
1973,N,total,krausmann2009,30.44569347,unep_irp,34.53703463,0.1259208802
1973,N,total,krausmann2009,30.44569347,haas2020,34.98198897,0.1386659386
1974,N,biomass,krausmann2018,12.5200675,unep_irp,13.47906097,0.0737712013
1974,N,biomass,krausmann2009,12.45368371,unep_irp,13.47906097,0.0790797328
1974,N,biomass,unep_irp,13.47906097,haas2020,12.5200675,0.0737712013
1974,N,metals,krausmann2018,1.806117468,unep_irp,2.926366384,0.4734295778
1974,N,metals,unep_irp,2.926366384,haas2020,1.806117468,0.4734295778
1974,N,non_metallic_minerals,krausmann2018,14.16295732,unep_irp,11.32975481,0.2222754876
1974,N,non_metallic_minerals,unep_irp,11.32975481,haas2020,14.16295732,0.2222754876
1974,N,total,krausmann2018,35.59786317,krausmann2009,30.9356826,0.140145261
1974,N,total,krausmann2009,30.9356826,unep_irp,34.61265165,0.1121910752
1974,N,total,krausmann2009,30.9356826,haas2020,35.59786317,0.140145261
1975,N,biomass,krausmann2018,12.59878556,unep_irp,13.6811816,0.08237423079
1975,N,biomass,krausmann2009,12.51889102,unep_irp,13.6811816,0.08872422583
1975,N,biomass,unep_irp,13.6811816,haas2020,12.59878556,0.08237423079
1975,N,metals,krausmann2018,1.811983902,unep_irp,2.809949466,0.4318390096
1975,N,metals,unep_irp,2.809949466,haas2020,1.811983902,0.4318390096
1975,N,non_metallic_minerals,krausmann2018,13.87343299,unep_irp,10.93716138,0.2366949833
1975,N,non_metallic_minerals,unep_irp,10.93716138,haas2020,13.87343299,0.2366949833
1975,N,total,krausmann2018,35.45574613,krausmann2009,31.02211912,0.1333865639
1975,N,total,krausmann2009,31.02211912,unep_irp,34.38095049,0.1027117348
1975,N,total,krausmann2009,31.02211912,haas2020,35.45574613,0.1333865639
1976,N,biomass,krausmann2018,12.96998909,unep_irp,14.11846403,0.08479442772
1976,N,biomass,krausmann2009,12.86560401,unep_irp,14.11846403,0.09285923962
1976,N,biomass,unep_irp,14.11846403,haas2020,12.96998909,0.08479442772
1976,N,metals,krausmann2018,1.837513839,unep_irp,2.902396549,0.4493260939
1976,N,metals,unep_irp,2.902396549,haas2020,1.837513839,0.4493260939
1976,N,non_metallic_minerals,krausmann2018,13.97667082,unep_irp,11.4372485,0.1998449974
1976,N,non_metallic_minerals,unep_irp,11.4372485,haas2020,13.97667082,0.1998449974
1976,N,total,krausmann2018,36.29020995,krausmann2009,31.97477227,0.1264319579
1976,N,total,krausmann2009,31.97477227,unep_irp,35.72689402,0.1108428184
1976,N,total,krausmann2009,31.97477227,haas2020,36.29020995,0.1264319579
1977,N,biomass,krausmann2018,13.08525345,unep_irp,14.25194631,0.08535569629
1977,N,biomass,krausmann2009,12.92536535,unep_irp,14.25194631,0.09762414889
1977,N,biomass,unep_irp,14.25194631,haas2020,13.08525345,0.08535569629
1977,N,metals,krausmann2018,1.814546279,unep_irp,2.82405161,0.4352631356
1977,N,metals,unep_irp,2.82405161,haas2020,1.814546279,0.4352631356
1977,N,non_metallic_minerals,krausmann2018,14.36320818,unep_irp,11.99970073,0.1793055128
1977,N,non_metallic_minerals,unep_irp,11.99970073,haas2020,14.36320818,0.1793055128
1977,N,total,krausmann2018,37.03497017,krausmann2009,32.79813503,0.1213417369
1977,N,total,krausmann2009,32.79813503,unep_irp,36.61491143,0.1099728825
1977,N,total,krausmann2009,32.79813503,haas2020,37.03497017,0.1213417369
1978,N,biomass,krausmann2018,13.4567124,unep_irp,14.67582886,0.08666948704
1978,N,biomass,krausmann2009,13.25415945,unep_irp,14.67582886,0.1018023634
1978,N,biomass,unep_irp,14.67582886,haas2020,13.4567124,0.08666948704
1978,N,metals,krausmann2018,1.841645494,unep_irp,2.828169259,0.4225108777
1978,N,metals,unep_irp,2.828169259,haas2020,1.841645494,0.4225108777
1978,N,non_metallic_minerals,krausmann2018,15.00620432,unep_irp,12.92070051,0.1493544539
1978,N,non_metallic_minerals,unep_irp,12.92070051,haas2020,15.00620432,0.1493544539
1978,N,total,krausmann2018,38.21873715,krausmann2009,33.84804822,0.1212955152
1978,N,total,krausmann2009,33.84804822,unep_irp,38.05185905,0.1169350835
1978,N,total,krausmann2009,33.84804822,haas2020,38.21873715,0.1212955153
1979,N,biomass,krausmann2018,13.5171866,unep_irp,14.5701022,0.07497452727
1979,N,biomass,krausmann2009,13.33797243,unep_irp,14.5701022,0.08829915975
1979,N,biomass,unep_irp,14.5701022,haas2020,13.5171866,0.07497452727
1979,N,metals,krausmann2018,1.93477447,unep_irp,2.917260222,0.4049788653
1979,N,metals,unep_irp,2.917260222,haas2020,1.93477447,0.4049788653
1979,N,non_metallic_minerals,krausmann2018,15.38763415,unep_irp,13.09759394,0.1607879145
1979,N,non_metallic_minerals,unep_irp,13.09759394,haas2020,15.38763415,0.1607879145
1979,N,total,krausmann2018,39.10850908,krausmann2009,34.67427764,0.1201969087
1979,N,total,krausmann2009,34.67427764,unep_irp,38.66976304,0.1089518757
1979,N,total,krausmann2009,34.67427764,haas2020,39.10850908,0.1201969087
1980,N,biomass,krausmann2018,13.51803751,unep_irp,14.5607568,0.07427094472
1980,N,biomass,krausmann2009,13.38248363,unep_irp,14.5607568,0.08433332369
1980,N,biomass,unep_irp,14.5607568,haas2020,13.51803751,0.07427094472
1980,N,metals,krausmann2018,1.951333151,unep_irp,2.917930463,0.3970199146
1980,N,metals,unep_irp,2.917930463,haas2020,1.951333151,0.3970199146
1980,N,non_metallic_minerals,krausmann2018,15.46663161,unep_irp,12.95922228,0.1764175205
1980,N,non_metallic_minerals,unep_irp,12.95922228,haas2020,15.46663161,0.1764175205
1980,N,total,krausmann2018,39.16208093,krausmann2009,34.81822741,0.1174326957
1980,N,total,krausmann2009,34.81822741,unep_irp,38.45403387,0.09924100598
1980,N,total,krausmann2009,34.81822741,haas2020,39.16208093,0.1174326958
1981,N,biomass,krausmann2018,13.89319371,unep_irp,14.97613019,0.07502333506
1981,N,biomass,krausmann2009,13.72556608,unep_irp,14.97613019,0.08714217433
1981,N,biomass,unep_irp,14.97613019,haas2020,13.89319371,0.07502333506
1981,N,metals,krausmann2018,1.941325024,unep_irp,2.957856247,0.4149800413
1981,N,metals,unep_irp,2.957856247,haas2020,1.941325024,0.4149800413
1981,N,non_metallic_minerals,krausmann2018,14.92370026,unep_irp,12.58267995,0.170216531
1981,N,non_metallic_minerals,unep_irp,12.58267995,haas2020,14.92370026,0.170216531
1981,N,total,krausmann2018,38.86754172,krausmann2009,35.02312508,0.104056894
1981,N,total,krausmann2009,35.02312508,unep_irp,38.41855627,0.09246605273
1981,N,total,krausmann2009,35.02312508,haas2020,38.86754171,0.1040568938
1982,N,biomass,krausmann2018,14.18902226,unep_irp,15.42623851,0.08355261563
1982,N,biomass,krausmann2009,14.0698035,unep_irp,15.42623851,0.09197403567
1982,N,biomass,unep_irp,15.42623851,haas2020,14.18902226,0.08355261563
1982,N,metals,krausmann2018,1.835129006,unep_irp,2.881586234,0.4437228769
1982,N,metals,unep_irp,2.881586234,haas2020,1.835129006,0.4437228769
1982,N,non_metallic_minerals,krausmann2018,14.75264474,unep_irp,12.36874641,0.1757946941
1982,N,non_metallic_minerals,unep_irp,12.36874641,haas2020,14.75264474,0.1757946941
1982,N,total,krausmann2018,39.07552347,krausmann2009,35.34985068,0.100118349
1982,N,total,krausmann2009,35.34985068,unep_irp,38.59815573,0.08785375584
1982,N,total,krausmann2009,35.34985068,haas2020,39.07552347,0.1001183488
1983,N,biomass,krausmann2018,14.1474248,unep_irp,15.37507672,0.08316720175
1983,N,biomass,krausmann2009,14.15990481,unep_irp,15.37507672,0.0822869592
1983,N,biomass,unep_irp,15.37507672,haas2020,14.1474248,0.08316720175
1983,N,metals,krausmann2018,1.747762526,unep_irp,2.911888035,0.4996621501
1983,N,metals,unep_irp,2.911888035,haas2020,1.747762526,0.4996621501
1983,N,non_metallic_minerals,krausmann2018,14.94769167,unep_irp,13.00985632,0.1386269891
1983,N,non_metallic_minerals,unep_irp,13.00985632,haas2020,14.94769167,0.1386269891
1983,N,total,krausmann2018,39.16888236,krausmann2009,35.65358943,0.09396356057
1983,N,total,krausmann2009,35.65358943,unep_irp,39.25854792,0.09624497758
1983,N,total,krausmann2009,35.65358943,haas2020,39.16888236,0.09396356047
1984,N,biomass,krausmann2018,14.6905423,unep_irp,15.95728659,0.08266453683
1984,N,biomass,krausmann2009,14.61294497,unep_irp,15.95728659,0.0879510263
1984,N,biomass,unep_irp,15.95728659,haas2020,14.6905423,0.08266453683
1984,N,fossil,krausmann2018,8.7003234,unep_irp,8.237975396,0.05459202362
1984,N,fossil,krausmann2009,8.70473936,unep_irp,8.237975396,0.055099076
1984,N,fossil,unep_irp,8.237975396,haas2020,8.7003234,0.05459202362
1984,N,metals,krausmann2018,1.90953957,unep_irp,3.138244852,0.4868295392
1984,N,metals,unep_irp,3.138244852,haas2020,1.90953957,0.4868295392
1984,N,non_metallic_minerals,krausmann2018,15.62856432,unep_irp,13.52621701,0.1442197275
1984,N,non_metallic_minerals,unep_irp,13.52621701,haas2020,15.62856432,0.1442197275
1984,N,total,krausmann2018,40.92896959,krausmann2009,37.00197082,0.100781506
1984,N,total,krausmann2009,37.00197082,unep_irp,40.85972385,0.09909244967
1984,N,total,krausmann2009,37.00197082,haas2020,40.92896959,0.100781506
1985,N,biomass,krausmann2018,14.89941964,unep_irp,16.09278251,0.0770105244
1985,N,biomass,krausmann2009,15.29921835,unep_irp,16.09278251,0.05055836763
1985,N,biomass,unep_irp,16.09278251,haas2020,14.89941964,0.0770105244
1985,N,metals,krausmann2018,1.978188351,unep_irp,3.267681921,0.4916223632
1985,N,metals,unep_irp,3.267681921,haas2020,1.978188351,0.4916223632
1985,N,non_metallic_minerals,krausmann2018,15.83905487,unep_irp,14.25046046,0.1055912262
1985,N,non_metallic_minerals,unep_irp,14.25046046,haas2020,15.83905487,0.1055912262
1985,N,total,krausmann2018,41.42160956,krausmann2009,37.97819657,0.08673605536
1985,N,total,krausmann2009,37.97819657,unep_irp,42.0307919,0.1013035012
1985,N,total,krausmann2009,37.97819657,haas2020,41.42160956,0.08673605538
1986,N,biomass,krausmann2018,15.06484129,unep_irp,16.25514479,0.07600919726
1986,N,biomass,unep_irp,16.25514479,haas2020,15.06484129,0.07600919726
1986,N,metals,krausmann2018,1.998456441,unep_irp,3.34990892,0.5053702908
1986,N,metals,unep_irp,3.34990892,haas2020,1.998456441,0.5053702908
1986,N,non_metallic_minerals,krausmann2018,16.41606747,unep_irp,15.00848187,0.08958509379
1986,N,non_metallic_minerals,unep_irp,15.00848187,haas2020,16.41606747,0.08958509379
1986,N,total,krausmann2018,42.43057199,krausmann2009,38.90271665,0.08675058882
1986,N,total,krausmann2009,38.90271665,unep_irp,43.2894671,0.1067437377
1986,N,total,krausmann2009,38.90271665,haas2020,42.430572,0.08675058908
1987,N,biomass,krausmann2018,15.15500489,unep_irp,16.34465566,0.07553419619
1987,N,biomass,unep_irp,16.34465566,haas2020,15.15500489,0.07553419619
1987,N,metals,krausmann2018,2.097932947,unep_irp,3.513872445,0.5046288669
1987,N,metals,unep_irp,3.513872445,haas2020,2.097932947,0.5046288669
1987,N,non_metallic_minerals,krausmann2018,17.12389886,unep_irp,15.9515585,0.07088883744
1987,N,non_metallic_minerals,unep_irp,15.9515585,haas2020,17.12389886,0.07088883744
1987,N,total,krausmann2018,43.51615831,krausmann2009,39.78283203,0.08963677146
1987,N,total,krausmann2009,39.78283203,unep_irp,44.68238035,0.116013402
1987,N,total,krausmann2009,39.78283203,haas2020,43.51615832,0.08963677162
1988,N,biomass,krausmann2018,15.21320124,unep_irp,16.34108282,0.0714883328
1988,N,biomass,unep_irp,16.34108282,haas2020,15.21320124,0.0714883328
1988,N,metals,krausmann2018,2.284236234,unep_irp,3.712631272,0.4763803891
1988,N,metals,unep_irp,3.712631272,haas2020,2.284236234,0.4763803891
1988,N,non_metallic_minerals,krausmann2018,18.38167184,unep_irp,16.85298024,0.0867720559
1988,N,non_metallic_minerals,unep_irp,16.85298024,haas2020,18.38167184,0.0867720559
1988,N,total,krausmann2018,45.26677682,krausmann2009,40.96340214,0.09981133594
1988,N,total,krausmann2009,40.96340214,unep_irp,46.07905027,0.1175437499
1988,N,total,krausmann2009,40.96340214,haas2020,45.26677681,0.0998113358
1989,N,biomass,krausmann2018,15.74169017,unep_irp,16.87984146,0.06977914482
1989,N,biomass,unep_irp,16.87984146,haas2020,15.74169017,0.06977914482
1989,N,metals,krausmann2018,2.41795825,unep_irp,3.850225072,0.4569958307
1989,N,metals,unep_irp,3.850225072,haas2020,2.41795825,0.4569958307
1989,N,non_metallic_minerals,krausmann2018,17.91000252,unep_irp,16.85185394,0.06087986591
1989,N,non_metallic_minerals,unep_irp,16.85185394,haas2020,17.91000252,0.06087986591
1989,N,total,krausmann2018,45.62795922,krausmann2009,41.30659927,0.09941638918
1989,N,total,krausmann2009,41.30659927,unep_irp,46.96187391,0.1281380415
1989,N,total,krausmann2009,41.30659927,haas2020,45.62795922,0.09941638918
1990,N,biomass,krausmann2018,16.04596797,unep_irp,17.20657813,0.0698057921
1990,N,biomass,unep_irp,17.20657813,haas2020,16.04596797,0.0698057921
1990,N,metals,krausmann2018,2.421878166,unep_irp,3.941805106,0.4776878028
1990,N,metals,unep_irp,3.941805106,haas2020,2.421878166,0.4776878028
1990,N,non_metallic_minerals,krausmann2018,17.99648309,unep_irp,16.94442965,0.06021900159
1990,N,non_metallic_minerals,unep_irp,16.94442965,haas2020,17.99648309,0.06021900159
1990,N,total,krausmann2018,45.9620898,krausmann2009,41.60435614,0.09952975967
1990,N,total,krausmann2009,41.60435614,unep_irp,47.43812665,0.1310334197
1990,N,total,krausmann2009,41.60435614,haas2020,45.96208981,0.09952975981
1991,N,biomass,krausmann2018,15.94001386,unep_irp,17.10280297,0.07038074968
1991,N,biomass,unep_irp,17.10280297,haas2020,15.94001386,0.07038074968
1991,N,metals,krausmann2018,2.362139085,unep_irp,3.854011197,0.4799987273
1991,N,metals,unep_irp,3.854011197,haas2020,2.362139085,0.4799987273
1991,N,non_metallic_minerals,krausmann2018,19.29551243,unep_irp,16.81729528,0.1372486554
1991,N,non_metallic_minerals,unep_irp,16.81729528,haas2020,19.29551243,0.1372486554
1991,N,total,krausmann2018,46.94918438,krausmann2009,42.62337554,0.09658781314
1991,N,total,krausmann2009,42.62337554,unep_irp,46.97861636,0.09721303573
1991,N,total,krausmann2009,42.62337554,haas2020,46.94918438,0.09658781303
1992,N,biomass,krausmann2018,16.14785439,unep_irp,17.25094372,0.06605563029
1992,N,biomass,unep_irp,17.25094372,haas2020,16.14785439,0.06605563029
1992,N,metals,krausmann2018,2.334994354,unep_irp,3.956514858,0.5154631264
1992,N,metals,unep_irp,3.956514858,haas2020,2.334994354,0.5154631264
1992,N,non_metallic_minerals,krausmann2018,19.38905133,unep_irp,18.19314136,0.06364237339
1992,N,non_metallic_minerals,unep_irp,18.19314136,haas2020,19.38905133,0.06364237339
1992,N,total,krausmann2018,47.06854788,krausmann2009,42.21820233,0.1086464798
1992,N,total,krausmann2009,42.21820233,unep_irp,48.47243586,0.1379245676
1992,N,total,krausmann2009,42.21820233,haas2020,47.06854787,0.1086464796
1993,N,biomass,krausmann2018,15.87673699,unep_irp,17.08663525,0.07340864589
1993,N,biomass,unep_irp,17.08663525,haas2020,15.87673699,0.07340864589
1993,N,metals,krausmann2018,2.344241776,unep_irp,3.963746949,0.5134775104
1993,N,metals,unep_irp,3.963746949,haas2020,2.344241776,0.5134775104
1993,N,non_metallic_minerals,krausmann2018,21.06092827,unep_irp,19.15453695,0.09480886567
1993,N,non_metallic_minerals,unep_irp,19.15453695,haas2020,21.06092827,0.09480886567
1993,N,total,krausmann2018,48.42539901,krausmann2009,43.31501651,0.1114096218
1993,N,total,krausmann2009,43.31501651,unep_irp,49.24174718,0.1280669382
1993,N,total,krausmann2009,43.31501651,haas2020,48.42539902,0.111409622
1994,N,biomass,krausmann2018,16.10603627,unep_irp,17.31943209,0.07260307062
1994,N,biomass,unep_irp,17.31943209,haas2020,16.10603627,0.07260307062
1994,N,metals,krausmann2018,2.384664672,unep_irp,4.020495767,0.5107853615
1994,N,metals,unep_irp,4.020495767,haas2020,2.384664672,0.5107853615
1994,N,non_metallic_minerals,krausmann2018,21.99266647,unep_irp,20.14719201,0.08758807108
1994,N,non_metallic_minerals,unep_irp,20.14719201,haas2020,21.99266647,0.08758807108
1994,N,total,krausmann2018,49.75365363,krausmann2009,44.28845064,0.1162288537
1994,N,total,krausmann2009,44.28845064,unep_irp,50.68856822,0.1347719197
1994,N,total,krausmann2009,44.28845064,haas2020,49.75365363,0.1162288538
1995,N,biomass,krausmann2018,16.2174489,unep_irp,17.53102934,0.07784531383
1995,N,biomass,unep_irp,17.53102934,haas2020,16.2174489,0.07784531383
1995,N,metals,krausmann2018,2.533081979,unep_irp,4.178594486,0.4903432147
1995,N,metals,unep_irp,4.178594486,haas2020,2.533081979,0.4903432147
1995,N,non_metallic_minerals,krausmann2018,24.45182396,unep_irp,20.98795417,0.1524598021
1995,N,non_metallic_minerals,unep_irp,20.98795417,haas2020,24.45182396,0.1524598021
1995,N,total,krausmann2018,52.70309856,krausmann2009,45.44536055,0.1478930607
1995,N,total,krausmann2009,45.44536055,unep_irp,52.11642398,0.1367556664
1995,N,total,krausmann2009,45.44536055,haas2020,52.70309856,0.1478930607
1996,N,biomass,krausmann2018,16.68329088,unep_irp,18.09435644,0.08114784459
1996,N,biomass,krausmann2009,17.16593534,unep_irp,18.09435644,0.05266099928
1996,N,biomass,unep_irp,18.09435644,haas2020,16.68329088,0.08114784459
1996,N,metals,krausmann2018,2.631250765,unep_irp,4.308207834,0.4833106344
1996,N,metals,unep_irp,4.308207834,haas2020,2.631250765,0.4833106344
1996,N,non_metallic_minerals,krausmann2018,24.43146278,unep_irp,21.27745262,0.1380041566
1996,N,non_metallic_minerals,unep_irp,21.27745262,haas2020,24.43146278,0.1380041566
1996,N,total,krausmann2018,53.46427333,krausmann2009,46.67319911,0.1356350236
1996,N,total,krausmann2009,46.67319911,unep_irp,53.32097761,0.1329633128
1996,N,total,krausmann2009,46.67319911,haas2020,53.46427333,0.1356350235
1997,N,biomass,krausmann2018,16.75297711,unep_irp,18.1453386,0.07979534036
1997,N,biomass,krausmann2009,17.23184644,unep_irp,18.1453386,0.05164300998
1997,N,biomass,unep_irp,18.1453386,haas2020,16.75297711,0.07979534036
1997,N,metals,krausmann2018,2.768273159,unep_irp,4.558120986,0.4886026582
1997,N,metals,unep_irp,4.558120986,haas2020,2.768273159,0.4886026582
1997,N,non_metallic_minerals,krausmann2018,24.78118733,unep_irp,21.96139587,0.1206519309
1997,N,non_metallic_minerals,unep_irp,21.96139587,haas2020,24.78118733,0.1206519309
1997,N,total,krausmann2018,54.09420464,krausmann2009,47.46028861,0.1306474153
1997,N,total,krausmann2009,47.46028861,unep_irp,54.37770328,0.1358513565
1997,N,total,krausmann2009,47.46028861,haas2020,54.09420464,0.1306474153
1998,N,biomass,krausmann2018,16.79842385,unep_irp,18.47580187,0.09510502276
1998,N,biomass,krausmann2009,17.30698709,unep_irp,18.47580187,0.06532832202
1998,N,biomass,unep_irp,18.47580187,haas2020,16.79842385,0.09510502276
1998,N,metals,krausmann2018,2.84940539,unep_irp,4.690064456,0.4882728106
1998,N,metals,unep_irp,4.690064456,haas2020,2.84940539,0.4882728106
1998,N,non_metallic_minerals,krausmann2018,25.86761999,unep_irp,22.59973181,0.1348490503
1998,N,non_metallic_minerals,unep_irp,22.59973181,haas2020,25.86761999,0.1348490503
1998,N,total,krausmann2018,55.37204418,krausmann2009,47.77075077,0.1473935899
1998,N,total,krausmann2009,47.77075077,unep_irp,55.56796736,0.1509060056
1998,N,total,krausmann2009,47.77075077,haas2020,55.37204417,0.1473935897
1999,N,biomass,krausmann2018,17.04088603,unep_irp,18.70684707,0.09320652783
1999,N,biomass,krausmann2009,17.66702665,unep_irp,18.70684707,0.05717402705
1999,N,biomass,unep_irp,18.70684707,haas2020,17.04088603,0.09320652783
1999,N,metals,krausmann2018,2.897275815,unep_irp,4.759078523,0.4863418347
1999,N,metals,unep_irp,4.759078523,haas2020,2.897275815,0.4863418347
1999,N,non_metallic_minerals,krausmann2018,26.48069983,unep_irp,23.36600693,0.1249708598
1999,N,non_metallic_minerals,unep_irp,23.36600693,haas2020,26.48069983,0.1249708598
1999,N,total,krausmann2018,56.20039616,krausmann2009,48.69299611,0.1431434314
1999,N,total,krausmann2009,48.69299611,unep_irp,56.61099981,0.1503837272
1999,N,total,krausmann2009,48.69299611,haas2020,56.20039615,0.1431434313
2000,N,biomass,krausmann2018,17.14054848,unep_irp,18.80603053,0.09266428661
2000,N,biomass,krausmann2009,17.79958355,unep_irp,18.80603053,0.05498866801
2000,N,biomass,unep_irp,18.80603053,haas2020,17.14054848,0.09266428661
2000,N,metals,krausmann2018,3.060359264,unep_irp,5.013922097,0.4838976364
2000,N,metals,unep_irp,5.013922097,haas2020,3.060359264,0.4838976364
2000,N,non_metallic_minerals,krausmann2018,26.86773701,unep_irp,23.95412176,0.1146599247
2000,N,non_metallic_minerals,unep_irp,23.95412176,haas2020,26.86773701,0.1146599247
2000,N,total,krausmann2018,57.1705816,krausmann2009,49.69791253,0.1398479342
2000,N,total,krausmann2009,49.69791253,unep_irp,57.84204218,0.1514623969
2000,N,total,krausmann2009,49.69791253,haas2020,57.17058159,0.1398479341
2001,N,biomass,krausmann2018,17.22129193,unep_irp,18.96209263,0.09622099874
2001,N,biomass,krausmann2009,17.84443818,unep_irp,18.96209263,0.06073131183
2001,N,biomass,unep_irp,18.96209263,haas2020,17.22129193,0.09622099874
2001,N,metals,krausmann2018,3.083325036,unep_irp,5.072196861,0.4877362479
2001,N,metals,unep_irp,5.072196861,haas2020,3.083325036,0.4877362479
2001,N,non_metallic_minerals,krausmann2018,26.88247274,unep_irp,24.38179287,0.09756035087
2001,N,non_metallic_minerals,unep_irp,24.38179287,haas2020,26.88247274,0.09756035087
2001,N,total,krausmann2018,57.54975487,krausmann2009,50.74388742,0.1256928349
2001,N,total,krausmann2009,50.74388742,unep_irp,58.77947618,0.1467374357
2001,N,total,krausmann2009,50.74388742,haas2020,57.54975487,0.1256928348
2002,N,biomass,krausmann2018,17.41902762,unep_irp,19.1347034,0.09387144525
2002,N,biomass,krausmann2009,18.07533865,unep_irp,19.1347034,0.05693972335
2002,N,biomass,unep_irp,19.1347034,haas2020,17.41902762,0.09387144525
2002,N,metals,krausmann2018,3.132815039,unep_irp,5.111828865,0.4800726021
2002,N,metals,unep_irp,5.111828865,haas2020,3.132815039,0.4800726021
2002,N,non_metallic_minerals,krausmann2018,27.15332278,unep_irp,25.27255846,0.07174945945
2002,N,non_metallic_minerals,unep_irp,25.27255846,haas2020,27.15332278,0.07174945945
2002,N,total,krausmann2018,58.13417878,krausmann2009,52.015617,0.1110952905
2002,N,total,krausmann2009,52.015617,unep_irp,60.01017218,0.1427270495
2002,N,total,krausmann2009,52.015617,haas2020,58.13417878,0.1110952905
2003,N,biomass,krausmann2018,17.73274993,unep_irp,19.50462778,0.09516662875
2003,N,biomass,krausmann2009,18.31308161,unep_irp,19.50462778,0.06301524811
2003,N,biomass,unep_irp,19.50462778,haas2020,17.73274993,0.09516662875
2003,N,metals,krausmann2018,3.269009496,unep_irp,5.308118917,0.4754760155
2003,N,metals,unep_irp,5.308118917,haas2020,3.269009496,0.4754760155
2003,N,non_metallic_minerals,krausmann2018,28.89290225,unep_irp,26.56839678,0.08382441489
2003,N,non_metallic_minerals,unep_irp,26.56839678,haas2020,28.89290225,0.08382441489
2003,N,total,krausmann2018,60.88263583,krausmann2009,54.29396379,0.1144099073
2003,N,total,krausmann2009,54.29396379,unep_irp,62.43334388,0.1394597417
2003,N,total,krausmann2009,54.29396379,haas2020,60.88263584,0.1144099073
2004,N,biomass,krausmann2018,18.38029679,unep_irp,20.20180337,0.09442236542
2004,N,biomass,krausmann2009,18.92203895,unep_irp,20.20180337,0.06542120324
2004,N,biomass,unep_irp,20.20180337,haas2020,18.38029679,0.09442236542
2004,N,metals,krausmann2018,3.632155218,unep_irp,5.617109085,0.4292133519
2004,N,metals,unep_irp,5.617109085,haas2020,3.632155218,0.4292133519
2004,N,non_metallic_minerals,krausmann2018,30.23573492,unep_irp,28.35905091,0.06405634848
2004,N,non_metallic_minerals,unep_irp,28.35905091,haas2020,30.23573492,0.06405634848
2004,N,total,krausmann2018,63.82462409,krausmann2009,57.22548458,0.1090315338
2004,N,total,krausmann2009,57.22548458,unep_irp,65.79054711,0.1392511596
2004,N,total,krausmann2009,57.22548458,haas2020,63.82462409,0.1090315338
2005,N,biomass,krausmann2018,18.68878601,unep_irp,20.35605586,0.08540282251
2005,N,biomass,krausmann2009,19.14199961,unep_irp,20.35605586,0.06147422882
2005,N,biomass,unep_irp,20.35605586,haas2020,18.68878601,0.08540282251
2005,N,metals,krausmann2018,3.92441831,unep_irp,5.959010859,0.41171794
2005,N,metals,unep_irp,5.959010859,haas2020,3.92441831,0.41171794
2005,N,non_metallic_minerals,krausmann2018,31.79048185,unep_irp,29.94190463,0.05989002938
2005,N,non_metallic_minerals,unep_irp,29.94190463,haas2020,31.79048185,0.05989002938
2005,N,total,krausmann2018,66.43581979,krausmann2009,59.62960776,0.1079790417
2005,N,total,krausmann2009,59.62960776,unep_irp,68.30651078,0.1356443062
2005,N,total,krausmann2009,59.62960776,haas2020,66.43581979,0.1079790417
2006,N,biomass,krausmann2018,19.02984543,unep_irp,20.69977717,0.08406481767
2006,N,biomass,krausmann2009,19.4067684,unep_irp,20.69977717,0.06447869053
2006,N,biomass,unep_irp,20.69977717,haas2020,19.02984543,0.08406481767
2006,N,metals,krausmann2018,4.238860668,unep_irp,6.327064605,0.395271381
2006,N,metals,unep_irp,6.327064605,haas2020,4.238860668,0.395271381
2006,N,non_metallic_minerals,krausmann2018,34.19190032,unep_irp,31.79221358,0.07273528727
2006,N,non_metallic_minerals,unep_irp,31.79221358,haas2020,34.19190032,0.07273528727
2006,N,total,krausmann2018,69.89720846,krausmann2009,62.62137034,0.1098085746
2006,N,total,krausmann2009,62.62137034,unep_irp,71.42385556,0.1313360496
2006,N,total,krausmann2009,62.62137034,haas2020,69.89720846,0.1098085745
2007,N,biomass,krausmann2018,19.7396055,unep_irp,21.31715231,0.07684712063
2007,N,biomass,krausmann2009,19.92053444,unep_irp,21.31715231,0.06773502493
2007,N,biomass,unep_irp,21.31715231,haas2020,19.7396055,0.07684712063
2007,N,metals,krausmann2018,4.58537758,unep_irp,6.674502453,0.3710740908
2007,N,metals,unep_irp,6.674502453,haas2020,4.58537758,0.3710740908
2007,N,non_metallic_minerals,krausmann2018,35.74213056,unep_irp,33.20541498,0.07358392703
2007,N,non_metallic_minerals,unep_irp,33.20541498,haas2020,35.74213056,0.07358392703
2007,N,total,krausmann2018,72.75333144,krausmann2009,65.27231038,0.1084004532
2007,N,total,krausmann2009,65.27231038,unep_irp,74.25506736,0.1287597764
2007,N,total,krausmann2009,65.27231038,haas2020,72.75333144,0.1084004532
2008,N,biomass,krausmann2018,20.38369123,unep_irp,22.07607589,0.07971709573
2008,N,biomass,krausmann2009,20.42148273,unep_irp,22.07607589,0.07786768058
2008,N,biomass,unep_irp,22.07607589,haas2020,20.38369123,0.07971709573
2008,N,metals,krausmann2018,4.825261419,unep_irp,6.899045951,0.3537581311
2008,N,metals,unep_irp,6.899045951,haas2020,4.825261419,0.3537581311
2008,N,non_metallic_minerals,krausmann2018,35.68423339,unep_irp,33.04874988,0.07668759261
2008,N,non_metallic_minerals,unep_irp,33.04874988,haas2020,35.68423339,0.07668759261
2008,N,total,krausmann2018,73.87874914,krausmann2009,66.83880549,0.1000577884
2008,N,total,krausmann2009,66.83880549,unep_irp,75.37180256,0.1200050712
2008,N,total,krausmann2009,66.83880549,haas2020,73.87874914,0.1000577883
2009,N,biomass,krausmann2018,20.41650414,unep_irp,21.80793617,0.06590647595
2009,N,biomass,krausmann2009,20.28118419,unep_irp,21.80793617,0.07254853354
2009,N,biomass,unep_irp,21.80793617,haas2020,20.41650414,0.06590647595
2009,N,metals,krausmann2018,4.854106726,unep_irp,7.033333985,0.3666436388
2009,N,metals,unep_irp,7.033333985,haas2020,4.854106726,0.3666436388
2009,N,non_metallic_minerals,krausmann2018,37.00464274,unep_irp,33.50382376,0.09930208821
2009,N,non_metallic_minerals,unep_irp,33.50382376,haas2020,37.00464274,0.09930208821
2009,N,total,krausmann2018,75.18374798,krausmann2009,68.14068489,0.09828140184
2009,N,total,krausmann2009,68.14068489,unep_irp,75.74563472,0.1057077539
2009,N,total,krausmann2009,68.14068489,haas2020,75.18374799,0.09828140192
2010,N,biomass,krausmann2018,20.81683143,unep_irp,22.13615439,0.0614310244
2010,N,biomass,unep_irp,22.13615439,haas2020,20.81683143,0.0614310244
2010,N,metals,krausmann2018,5.253004725,unep_irp,7.642370101,0.3705771113
2010,N,metals,unep_irp,7.642370101,haas2020,5.253004725,0.3705771113
2010,N,non_metallic_minerals,krausmann2018,38.99414315,unep_irp,36.10051482,0.07706615645
2010,N,non_metallic_minerals,unep_irp,36.10051482,haas2020,38.99414315,0.07706615645
2011,N,biomass,krausmann2018,21.34257868,unep_irp,23.00233991,0.07485688475
2011,N,biomass,unep_irp,23.00233991,haas2020,21.34257868,0.07485688475
2011,N,metals,krausmann2018,5.784444466,unep_irp,8.223994483,0.348297198
2011,N,metals,unep_irp,8.223994483,haas2020,5.784444466,0.348297198
2011,N,non_metallic_minerals,krausmann2018,41.92154418,unep_irp,39.06706546,0.0704908686
2011,N,non_metallic_minerals,unep_irp,39.06706546,haas2020,41.92154418,0.0704908686
2012,N,biomass,krausmann2018,21.53982488,unep_irp,23.14314909,0.07176443587
2012,N,biomass,unep_irp,23.14314909,haas2020,21.53982488,0.07176443587
2012,N,metals,krausmann2018,5.835787412,unep_irp,8.424896937,0.3631115396
2012,N,metals,unep_irp,8.424896937,haas2020,5.835787412,0.3631115396
2013,N,biomass,krausmann2018,22.250732,unep_irp,23.99200328,0.07531004684
2013,N,biomass,unep_irp,23.99200328,haas2020,22.250732,0.07531004684
2013,N,metals,krausmann2018,6.246761714,unep_irp,9.028677933,0.364233866
2013,N,metals,unep_irp,9.028677933,haas2020,6.246761714,0.364233866
2014,N,biomass,krausmann2018,22.52203074,unep_irp,24.36443376,0.0785899743
2014,N,biomass,unep_irp,24.36443376,haas2020,22.52203074,0.0785899743
2014,N,metals,krausmann2018,6.417903538,unep_irp,9.347119252,0.3716094487
2014,N,metals,unep_irp,9.347119252,haas2020,6.417903538,0.3716094487
2014,N,non_metallic_minerals,krausmann2018,45.72674096,unep_irp,43.47462796,0.05049503225
2014,N,non_metallic_minerals,unep_irp,43.47462796,haas2020,45.72674096,0.05049503225
2015,N,biomass,krausmann2018,22.6824349,unep_irp,24.51546735,0.07767431867
2015,N,biomass,unep_irp,24.51546735,haas2020,22.6824349,0.07767431867
2015,N,metals,krausmann2018,6.462668367,unep_irp,9.405381707,0.3708979145
2015,N,metals,unep_irp,9.405381707,haas2020,6.462668367,0.3708979145
