year,series,category,value,unit,source,method
1970,DMI,biomass,12.95436941,Gt/yr,unep_irp,observed
1971,DMI,biomass,13.20185574,Gt/yr,unep_irp,observed
1972,DMI,biomass,13.18577956,Gt/yr,unep_irp,observed
1973,DMI,biomass,13.84868324,Gt/yr,unep_irp,observed
1974,DMI,biomass,13.93551546,Gt/yr,unep_irp,observed
1975,DMI,biomass,14.11253107,Gt/yr,unep_irp,observed
1976,DMI,biomass,14.6143043,Gt/yr,unep_irp,observed
1977,DMI,biomass,14.75733377,Gt/yr,unep_irp,observed
1978,DMI,biomass,15.22423957,Gt/yr,unep_irp,observed
1979,DMI,biomass,15.15816812,Gt/yr,unep_irp,observed
1980,DMI,biomass,15.17069705,Gt/yr,unep_irp,observed
1981,DMI,biomass,15.58943586,Gt/yr,unep_irp,observed
1982,DMI,biomass,16.0395638,Gt/yr,unep_irp,observed
1983,DMI,biomass,15.99568848,Gt/yr,unep_irp,observed
1984,DMI,biomass,16.60196861,Gt/yr,unep_irp,observed
1985,DMI,biomass,16.74180162,Gt/yr,unep_irp,observed
1986,DMI,biomass,16.89904548,Gt/yr,unep_irp,observed
1987,DMI,biomass,17.0411765,Gt/yr,unep_irp,observed
1988,DMI,biomass,17.06009504,Gt/yr,unep_irp,observed
1989,DMI,biomass,17.62015444,Gt/yr,unep_irp,observed
1990,DMI,biomass,17.93023018,Gt/yr,unep_irp,observed
1991,DMI,biomass,17.83581878,Gt/yr,unep_irp,observed
1992,DMI,biomass,18.04864668,Gt/yr,unep_irp,observed
1993,DMI,biomass,17.85254825,Gt/yr,unep_irp,observed
1994,DMI,biomass,18.12944981,Gt/yr,unep_irp,observed
1995,DMI,biomass,18.38123833,Gt/yr,unep_irp,observed
1996,DMI,biomass,18.95405048,Gt/yr,unep_irp,observed
1997,DMI,biomass,19.04038657,Gt/yr,unep_irp,observed
1998,DMI,biomass,19.39430464,Gt/yr,unep_irp,observed
1999,DMI,biomass,19.69349567,Gt/yr,unep_irp,observed
2000,DMI,biomass,19.83183346,Gt/yr,unep_irp,observed
2001,DMI,biomass,20.00634327,Gt/yr,unep_irp,observed
2002,DMI,biomass,20.20949924,Gt/yr,unep_irp,observed
2003,DMI,biomass,20.61578299,Gt/yr,unep_irp,observed
2004,DMI,biomass,21.36032363,Gt/yr,unep_irp,observed
2005,DMI,biomass,21.56971789,Gt/yr,unep_irp,observed
2006,DMI,biomass,21.96751528,Gt/yr,unep_irp,observed
2007,DMI,biomass,22.64598919,Gt/yr,unep_irp,observed
2008,DMI,biomass,23.39737937,Gt/yr,unep_irp,observed
2009,DMI,biomass,23.11152652,Gt/yr,unep_irp,observed
2010,DMI,biomass,23.53761528,Gt/yr,unep_irp,observed
2011,DMI,biomass,24.44631588,Gt/yr,unep_irp,observed
2012,DMI,biomass,24.65965232,Gt/yr,unep_irp,observed
2013,DMI,biomass,25.55795387,Gt/yr,unep_irp,observed
2014,DMI,biomass,26.02295531,Gt/yr,unep_irp,observed
2015,DMI,biomass,26.21320799,Gt/yr,unep_irp,observed
2016,DMI,biomass,26.58868696,Gt/yr,unep_irp,observed
2017,DMI,biomass,27.14008007,Gt/yr,unep_irp,observed
2018,DMI,biomass,27.22465483,Gt/yr,unep_irp,observed
2019,DMI,biomass,27.64142677,Gt/yr,unep_irp,observed
1970,DMI,fossil,6.82865628,Gt/yr,unep_irp,observed
1971,DMI,fossil,7.053611992,Gt/yr,unep_irp,observed
1972,DMI,fossil,7.383512127,Gt/yr,unep_irp,observed
1973,DMI,fossil,8.120990327,Gt/yr,unep_irp,observed
1974,DMI,fossil,8.14220087,Gt/yr,unep_irp,observed
1975,DMI,fossil,8.191612217,Gt/yr,unep_irp,observed
1976,DMI,fossil,8.627944612,Gt/yr,unep_irp,observed
1977,DMI,fossil,8.982463638,Gt/yr,unep_irp,observed
1978,DMI,fossil,9.05934241,Gt/yr,unep_irp,observed
1979,DMI,fossil,9.590348742,Gt/yr,unep_irp,observed
1980,DMI,fossil,9.417449749,Gt/yr,unep_irp,observed
1981,DMI,fossil,9.206978503,Gt/yr,unep_irp,observed
1982,DMI,fossil,9.156162635,Gt/yr,unep_irp,observed
1983,DMI,fossil,9.180592604,Gt/yr,unep_irp,observed
1984,DMI,fossil,9.517654013,Gt/yr,unep_irp,observed
1985,DMI,fossil,9.688256422,Gt/yr,unep_irp,observed
1986,DMI,fossil,10.04677849,Gt/yr,unep_irp,observed
1987,DMI,fossil,10.29324814,Gt/yr,unep_irp,observed
1988,DMI,fossil,10.70018953,Gt/yr,unep_irp,observed
1989,DMI,fossil,10.99377659,Gt/yr,unep_irp,observed
1990,DMI,fossil,11.1695759,Gt/yr,unep_irp,observed
1991,DMI,fossil,11.17694838,Gt/yr,unep_irp,observed
1992,DMI,fossil,11.3783344,Gt/yr,unep_irp,observed
1993,DMI,fossil,11.40257381,Gt/yr,unep_irp,observed
1994,DMI,fossil,11.59560199,Gt/yr,unep_irp,observed
1995,DMI,fossil,11.87912964,Gt/yr,unep_irp,observed
1996,DMI,fossil,12.21999807,Gt/yr,unep_irp,observed
1997,DMI,fossil,12.41101823,Gt/yr,unep_irp,observed
1998,DMI,fossil,12.51614303,Gt/yr,unep_irp,observed
1999,DMI,fossil,12.50936446,Gt/yr,unep_irp,observed
2000,DMI,fossil,13.01084947,Gt/yr,unep_irp,observed
2001,DMI,fossil,13.37440074,Gt/yr,unep_irp,observed
2002,DMI,fossil,13.54301686,Gt/yr,unep_irp,observed
2003,DMI,fossil,14.26988999,Gt/yr,unep_irp,observed
2004,DMI,fossil,15.04846657,Gt/yr,unep_irp,observed
2005,DMI,fossil,15.5274047,Gt/yr,unep_irp,observed
2006,DMI,fossil,16.20030515,Gt/yr,unep_irp,observed
2007,DMI,fossil,16.74851504,Gt/yr,unep_irp,observed
2008,DMI,fossil,17.06295652,Gt/yr,unep_irp,observed
2009,DMI,fossil,17.03814589,Gt/yr,unep_irp,observed
2010,DMI,fossil,17.89762642,Gt/yr,unep_irp,observed
2011,DMI,fossil,18.68937417,Gt/yr,unep_irp,observed
2012,DMI,fossil,19.06548031,Gt/yr,unep_irp,observed
2013,DMI,fossil,19.2562883,Gt/yr,unep_irp,observed
2014,DMI,fossil,19.32938377,Gt/yr,unep_irp,observed
2015,DMI,fossil,19.2791941,Gt/yr,unep_irp,observed
2016,DMI,fossil,18.98197479,Gt/yr,unep_irp,observed
2017,DMI,fossil,19.71323778,Gt/yr,unep_irp,observed
2018,DMI,fossil,20.20280145,Gt/yr,unep_irp,observed
2019,DMI,fossil,20.44219138,Gt/yr,unep_irp,observed
1970,DMI,metals,3.02000448,Gt/yr,unep_irp,observed
1971,DMI,metals,3.019369223,Gt/yr,unep_irp,observed
1972,DMI,metals,3.14212134,Gt/yr,unep_irp,observed
1973,DMI,metals,3.346809326,Gt/yr,unep_irp,observed
1974,DMI,metals,3.385140029,Gt/yr,unep_irp,observed
1975,DMI,metals,3.235000862,Gt/yr,unep_irp,observed
1976,DMI,metals,3.33873342,Gt/yr,unep_irp,observed
1977,DMI,metals,3.25125152,Gt/yr,unep_irp,observed
1978,DMI,metals,3.214960596,Gt/yr,unep_irp,observed
1979,DMI,metals,3.34876367,Gt/yr,unep_irp,observed
1980,DMI,metals,3.375401848,Gt/yr,unep_irp,observed
1981,DMI,metals,3.380313621,Gt/yr,unep_irp,observed
1982,DMI,metals,3.287375184,Gt/yr,unep_irp,observed
1983,DMI,metals,3.296543343,Gt/yr,unep_irp,observed
1984,DMI,metals,3.608344488,Gt/yr,unep_irp,observed
1985,DMI,metals,3.722209046,Gt/yr,unep_irp,observed
1986,DMI,metals,3.78853002,Gt/yr,unep_irp,observed
1987,DMI,metals,4.015168069,Gt/yr,unep_irp,observed
1988,DMI,metals,4.257261208,Gt/yr,unep_irp,observed
1989,DMI,metals,4.441725141,Gt/yr,unep_irp,observed
1990,DMI,metals,4.509853466,Gt/yr,unep_irp,observed
1991,DMI,metals,4.511172429,Gt/yr,unep_irp,observed
1992,DMI,metals,4.607427096,Gt/yr,unep_irp,observed
1993,DMI,metals,4.664452681,Gt/yr,unep_irp,observed
1994,DMI,metals,4.784569267,Gt/yr,unep_irp,observed
1995,DMI,metals,4.988795745,Gt/yr,unep_irp,observed
1996,DMI,metals,5.143562943,Gt/yr,unep_irp,observed
1997,DMI,metals,5.442668354,Gt/yr,unep_irp,observed
1998,DMI,metals,5.583586743,Gt/yr,unep_irp,observed
1999,DMI,metals,5.643427223,Gt/yr,unep_irp,observed
2000,DMI,metals,5.964982533,Gt/yr,unep_irp,observed
2001,DMI,metals,6.011126433,Gt/yr,unep_irp,observed
2002,DMI,metals,6.127176239,Gt/yr,unep_irp,observed
2003,DMI,metals,6.40244963,Gt/yr,unep_irp,observed
2004,DMI,metals,6.856603298,Gt/yr,unep_irp,observed
2005,DMI,metals,7.281715947,Gt/yr,unep_irp,observed
2006,DMI,metals,7.801089828,Gt/yr,unep_irp,observed
2007,DMI,metals,8.278053918,Gt/yr,unep_irp,observed
2008,DMI,metals,8.569404519,Gt/yr,unep_irp,observed
2009,DMI,metals,8.549685874,Gt/yr,unep_irp,observed
2010,DMI,metals,9.383609142,Gt/yr,unep_irp,observed
2011,DMI,metals,10.09771513,Gt/yr,unep_irp,observed
2012,DMI,metals,10.39941584,Gt/yr,unep_irp,observed
2013,DMI,metals,11.13245144,Gt/yr,unep_irp,observed
2014,DMI,metals,11.57333174,Gt/yr,unep_irp,observed
2015,DMI,metals,11.66643846,Gt/yr,unep_irp,observed
2016,DMI,metals,11.94449171,Gt/yr,unep_irp,observed
2017,DMI,metals,11.98567168,Gt/yr,unep_irp,observed
2018,DMI,metals,11.72337852,Gt/yr,unep_irp,observed
2019,DMI,metals,12.06517934,Gt/yr,unep_irp,observed
1970,DMI,non_metallic_minerals,9.699984796,Gt/yr,unep_irp,observed
1971,DMI,non_metallic_minerals,10.30050648,Gt/yr,unep_irp,observed
1972,DMI,non_metallic_minerals,10.73950519,Gt/yr,unep_irp,observed
1973,DMI,non_metallic_minerals,11.53653042,Gt/yr,unep_irp,observed
1974,DMI,non_metallic_minerals,11.51459415,Gt/yr,unep_irp,observed
1975,DMI,non_metallic_minerals,11.10380013,Gt/yr,unep_irp,observed
1976,DMI,non_metallic_minerals,11.61067863,Gt/yr,unep_irp,observed
1977,DMI,non_metallic_minerals,12.1855052,Gt/yr,unep_irp,observed
1978,DMI,non_metallic_minerals,13.13203592,Gt/yr,unep_irp,observed
1979,DMI,non_metallic_minerals,13.33566769,Gt/yr,unep_irp,observed
1980,DMI,non_metallic_minerals,13.19589007,Gt/yr,unep_irp,observed
1981,DMI,non_metallic_minerals,12.80763271,Gt/yr,unep_irp,observed
1982,DMI,non_metallic_minerals,12.58198392,Gt/yr,unep_irp,observed
1983,DMI,non_metallic_minerals,13.24335848,Gt/yr,unep_irp,observed
1984,DMI,non_metallic_minerals,13.78215867,Gt/yr,unep_irp,observed
1985,DMI,non_metallic_minerals,14.50637051,Gt/yr,unep_irp,observed
1986,DMI,non_metallic_minerals,15.26820966,Gt/yr,unep_irp,observed
1987,DMI,non_metallic_minerals,16.23757907,Gt/yr,unep_irp,observed
1988,DMI,non_metallic_minerals,17.16447706,Gt/yr,unep_irp,observed
1989,DMI,non_metallic_minerals,17.17273007,Gt/yr,unep_irp,observed
1990,DMI,non_metallic_minerals,17.27250265,Gt/yr,unep_irp,observed
1991,DMI,non_metallic_minerals,17.17287838,Gt/yr,unep_irp,observed
1992,DMI,non_metallic_minerals,18.57554982,Gt/yr,unep_irp,observed
1993,DMI,non_metallic_minerals,19.55509999,Gt/yr,unep_irp,observed
1994,DMI,non_metallic_minerals,20.55620393,Gt/yr,unep_irp,observed
1995,DMI,non_metallic_minerals,21.40768935,Gt/yr,unep_irp,observed
1996,DMI,non_metallic_minerals,21.73813253,Gt/yr,unep_irp,observed
1997,DMI,non_metallic_minerals,22.436081,Gt/yr,unep_irp,observed
1998,DMI,non_metallic_minerals,23.06927607,Gt/yr,unep_irp,observed
1999,DMI,non_metallic_minerals,23.90709469,Gt/yr,unep_irp,observed
2000,DMI,non_metallic_minerals,24.56715514,Gt/yr,unep_irp,observed
2001,DMI,non_metallic_minerals,24.88516404,Gt/yr,unep_irp,observed
2002,DMI,non_metallic_minerals,25.77163137,Gt/yr,unep_irp,observed
2003,DMI,non_metallic_minerals,27.05675144,Gt/yr,unep_irp,observed
2004,DMI,non_metallic_minerals,28.8771017,Gt/yr,unep_irp,observed
2005,DMI,non_metallic_minerals,30.47753051,Gt/yr,unep_irp,observed
2006,DMI,non_metallic_minerals,32.43480939,Gt/yr,unep_irp,observed
2007,DMI,non_metallic_minerals,33.90448592,Gt/yr,unep_irp,observed
2008,DMI,non_metallic_minerals,33.76419828,Gt/yr,unep_irp,observed
2009,DMI,non_metallic_minerals,34.09231458,Gt/yr,unep_irp,observed
2010,DMI,non_metallic_minerals,36.81254135,Gt/yr,unep_irp,observed
2011,DMI,non_metallic_minerals,39.80806947,Gt/yr,unep_irp,observed
2012,DMI,non_metallic_minerals,41.9393495,Gt/yr,unep_irp,observed
2013,DMI,non_metallic_minerals,43.59768305,Gt/yr,unep_irp,observed
2014,DMI,non_metallic_minerals,44.29854295,Gt/yr,unep_irp,observed
2015,DMI,non_metallic_minerals,43.96317201,Gt/yr,unep_irp,observed
2016,DMI,non_metallic_minerals,44.16357333,Gt/yr,unep_irp,observed
2017,DMI,non_metallic_minerals,44.16327932,Gt/yr,unep_irp,observed
2018,DMI,non_metallic_minerals,44.4540679,Gt/yr,unep_irp,observed
2019,DMI,non_metallic_minerals,45.67299879,Gt/yr,unep_irp,observed
1970,DMI,total,32.50301496,Gt/yr,unep_irp,observed
1971,DMI,total,33.57534343,Gt/yr,unep_irp,observed
1972,DMI,total,34.45091822,Gt/yr,unep_irp,observed
1973,DMI,total,36.85301332,Gt/yr,unep_irp,observed
1974,DMI,total,36.97745051,Gt/yr,unep_irp,observed
1975,DMI,total,36.64294427,Gt/yr,unep_irp,observed
1976,DMI,total,38.19166096,Gt/yr,unep_irp,observed
1977,DMI,total,39.17655413,Gt/yr,unep_irp,observed
1978,DMI,total,40.6305785,Gt/yr,unep_irp,observed
1979,DMI,total,41.43294822,Gt/yr,unep_irp,observed
1980,DMI,total,41.15943872,Gt/yr,unep_irp,observed
1981,DMI,total,40.9843607,Gt/yr,unep_irp,observed
1982,DMI,total,41.06508553,Gt/yr,unep_irp,observed
1983,DMI,total,41.71618291,Gt/yr,unep_irp,observed
1984,DMI,total,43.51012578,Gt/yr,unep_irp,observed
1985,DMI,total,44.6586376,Gt/yr,unep_irp,observed
1986,DMI,total,46.00256366,Gt/yr,unep_irp,observed
1987,DMI,total,47.58717178,Gt/yr,unep_irp,observed
1988,DMI,total,49.18202284,Gt/yr,unep_irp,observed
1989,DMI,total,50.22838623,Gt/yr,unep_irp,observed
1990,DMI,total,50.88216219,Gt/yr,unep_irp,observed
1991,DMI,total,50.69681796,Gt/yr,unep_irp,observed
1992,DMI,total,52.609958,Gt/yr,unep_irp,observed
1993,DMI,total,53.47467473,Gt/yr,unep_irp,observed
1994,DMI,total,55.06582499,Gt/yr,unep_irp,observed
1995,DMI,total,56.65685307,Gt/yr,unep_irp,observed
1996,DMI,total,58.05574403,Gt/yr,unep_irp,observed
1997,DMI,total,59.33015416,Gt/yr,unep_irp,observed
1998,DMI,total,60.56331048,Gt/yr,unep_irp,observed
1999,DMI,total,61.75338204,Gt/yr,unep_irp,observed
2000,DMI,total,63.37482061,Gt/yr,unep_irp,observed
2001,DMI,total,64.27703447,Gt/yr,unep_irp,observed
2002,DMI,total,65.65132371,Gt/yr,unep_irp,observed
2003,DMI,total,68.34487405,Gt/yr,unep_irp,observed
2004,DMI,total,72.14249519,Gt/yr,unep_irp,observed
2005,DMI,total,74.85636904,Gt/yr,unep_irp,observed
2006,DMI,total,78.40371965,Gt/yr,unep_irp,observed
2007,DMI,total,81.57704407,Gt/yr,unep_irp,observed
2008,DMI,total,82.79393869,Gt/yr,unep_irp,observed
2009,DMI,total,82.79167286,Gt/yr,unep_irp,observed
2010,DMI,total,87.6313922,Gt/yr,unep_irp,observed
2011,DMI,total,93.04147464,Gt/yr,unep_irp,observed
2012,DMI,total,96.06389797,Gt/yr,unep_irp,observed
2013,DMI,total,99.54437667,Gt/yr,unep_irp,observed
2014,DMI,total,101.2242138,Gt/yr,unep_irp,observed
2015,DMI,total,101.1220126,Gt/yr,unep_irp,observed
2016,DMI,total,101.6787268,Gt/yr,unep_irp,observed
2017,DMI,total,103.0022689,Gt/yr,unep_irp,observed
2018,DMI,total,103.6049027,Gt/yr,unep_irp,observed
2019,DMI,total,105.8217963,Gt/yr,unep_irp,observed
1970,N,biomass,12.58171182,Gt/yr,unep_irp,observed
1971,N,biomass,12.82562557,Gt/yr,unep_irp,observed
1972,N,biomass,12.77475209,Gt/yr,unep_irp,observed
1973,N,biomass,13.38619267,Gt/yr,unep_irp,observed
1974,N,biomass,13.47906097,Gt/yr,unep_irp,observed
1975,N,biomass,13.6811816,Gt/yr,unep_irp,observed
1976,N,biomass,14.11846403,Gt/yr,unep_irp,observed
1977,N,biomass,14.25194631,Gt/yr,unep_irp,observed
1978,N,biomass,14.67582886,Gt/yr,unep_irp,observed
1979,N,biomass,14.5701022,Gt/yr,unep_irp,observed
1980,N,biomass,14.5607568,Gt/yr,unep_irp,observed
1981,N,biomass,14.97613019,Gt/yr,unep_irp,observed
1982,N,biomass,15.42623851,Gt/yr,unep_irp,observed
1983,N,biomass,15.37507672,Gt/yr,unep_irp,observed
1984,N,biomass,15.95728659,Gt/yr,unep_irp,observed
1985,N,biomass,16.09278251,Gt/yr,unep_irp,observed
1986,N,biomass,16.25514479,Gt/yr,unep_irp,observed
1987,N,biomass,16.34465566,Gt/yr,unep_irp,observed
1988,N,biomass,16.34108282,Gt/yr,unep_irp,observed
1989,N,biomass,16.87984146,Gt/yr,unep_irp,observed
1990,N,biomass,17.20657813,Gt/yr,unep_irp,observed
1991,N,biomass,17.10280297,Gt/yr,unep_irp,observed
1992,N,biomass,17.25094372,Gt/yr,unep_irp,observed
1993,N,biomass,17.08663525,Gt/yr,unep_irp,observed
1994,N,biomass,17.31943209,Gt/yr,unep_irp,observed
1995,N,biomass,17.53102934,Gt/yr,unep_irp,observed
1996,N,biomass,18.09435644,Gt/yr,unep_irp,observed
1997,N,biomass,18.1453386,Gt/yr,unep_irp,observed
1998,N,biomass,18.47580187,Gt/yr,unep_irp,observed
1999,N,biomass,18.70684707,Gt/yr,unep_irp,observed
2000,N,biomass,18.80603053,Gt/yr,unep_irp,observed
2001,N,biomass,18.96209263,Gt/yr,unep_irp,observed
2002,N,biomass,19.1347034,Gt/yr,unep_irp,observed
2003,N,biomass,19.50462778,Gt/yr,unep_irp,observed
2004,N,biomass,20.20180337,Gt/yr,unep_irp,observed
2005,N,biomass,20.35605586,Gt/yr,unep_irp,observed
2006,N,biomass,20.69977717,Gt/yr,unep_irp,observed
2007,N,biomass,21.31715231,Gt/yr,unep_irp,observed
2008,N,biomass,22.07607589,Gt/yr,unep_irp,observed
2009,N,biomass,21.80793617,Gt/yr,unep_irp,observed
2010,N,biomass,22.13615439,Gt/yr,unep_irp,observed
2011,N,biomass,23.00233991,Gt/yr,unep_irp,observed
2012,N,biomass,23.14314909,Gt/yr,unep_irp,observed
2013,N,biomass,23.99200328,Gt/yr,unep_irp,observed
2014,N,biomass,24.36443376,Gt/yr,unep_irp,observed
2015,N,biomass,24.51546735,Gt/yr,unep_irp,observed
2016,N,biomass,24.83314096,Gt/yr,unep_irp,observed
2017,N,biomass,25.29760543,Gt/yr,unep_irp,observed
2018,N,biomass,25.35692118,Gt/yr,unep_irp,observed
2019,N,biomass,25.75305004,Gt/yr,unep_irp,observed
1970,N,fossil,6.144125765,Gt/yr,unep_irp,observed
1971,N,fossil,6.298909204,Gt/yr,unep_irp,observed
1972,N,fossil,6.546390132,Gt/yr,unep_irp,observed
1973,N,fossil,6.853066092,Gt/yr,unep_irp,observed
1974,N,fossil,6.877469492,Gt/yr,unep_irp,observed
1975,N,fossil,6.952658037,Gt/yr,unep_irp,observed
1976,N,fossil,7.26878494,Gt/yr,unep_irp,observed
1977,N,fossil,7.539212775,Gt/yr,unep_irp,observed
1978,N,fossil,7.627160416,Gt/yr,unep_irp,observed
1979,N,fossil,8.084806676,Gt/yr,unep_irp,observed
1980,N,fossil,8.016124334,Gt/yr,unep_irp,observed
1981,N,fossil,7.901889881,Gt/yr,unep_irp,observed
1982,N,fossil,7.92158458,Gt/yr,unep_irp,observed
1983,N,fossil,7.961726854,Gt/yr,unep_irp,observed
1984,N,fossil,8.237975396,Gt/yr,unep_irp,observed
1985,N,fossil,8.419867008,Gt/yr,unep_irp,observed
1986,N,fossil,8.675931525,Gt/yr,unep_irp,observed
1987,N,fossil,8.872293752,Gt/yr,unep_irp,observed
1988,N,fossil,9.172355937,Gt/yr,unep_irp,observed
1989,N,fossil,9.379953438,Gt/yr,unep_irp,observed
1990,N,fossil,9.345313769,Gt/yr,unep_irp,observed
1991,N,fossil,9.204506914,Gt/yr,unep_irp,observed
1992,N,fossil,9.071835922,Gt/yr,unep_irp,observed
1993,N,fossil,9.036828035,Gt/yr,unep_irp,observed
1994,N,fossil,9.20144835,Gt/yr,unep_irp,observed
1995,N,fossil,9.41884598,Gt/yr,unep_irp,observed
1996,N,fossil,9.640960716,Gt/yr,unep_irp,observed
1997,N,fossil,9.712847827,Gt/yr,unep_irp,observed
1998,N,fossil,9.802369216,Gt/yr,unep_irp,observed
1999,N,fossil,9.779067296,Gt/yr,unep_irp,observed
2000,N,fossil,10.06796779,Gt/yr,unep_irp,observed
2001,N,fossil,10.36339381,Gt/yr,unep_irp,observed
2002,N,fossil,10.49108145,Gt/yr,unep_irp,observed
2003,N,fossil,11.05220041,Gt/yr,unep_irp,observed
2004,N,fossil,11.61258374,Gt/yr,unep_irp,observed
2005,N,fossil,12.04953943,Gt/yr,unep_irp,observed
2006,N,fossil,12.60480021,Gt/yr,unep_irp,observed
2007,N,fossil,13.05799763,Gt/yr,unep_irp,observed
2008,N,fossil,13.34793083,Gt/yr,unep_irp,observed
2009,N,fossil,13.40054081,Gt/yr,unep_irp,observed
2010,N,fossil,14.04969031,Gt/yr,unep_irp,observed
2011,N,fossil,14.70335436,Gt/yr,unep_irp,observed
2012,N,fossil,14.95252262,Gt/yr,unep_irp,observed
2013,N,fossil,15.08300904,Gt/yr,unep_irp,observed
2014,N,fossil,15.15539187,Gt/yr,unep_irp,observed
2015,N,fossil,15.11737887,Gt/yr,unep_irp,observed
2016,N,fossil,14.67583608,Gt/yr,unep_irp,observed
2017,N,fossil,15.1945162,Gt/yr,unep_irp,observed
2018,N,fossil,15.61651119,Gt/yr,unep_irp,observed
2019,N,fossil,15.88223027,Gt/yr,unep_irp,observed
1970,N,metals,2.655734908,Gt/yr,unep_irp,observed
1971,N,metals,2.669072771,Gt/yr,unep_irp,observed
1972,N,metals,2.792168749,Gt/yr,unep_irp,observed
1973,N,metals,2.929051437,Gt/yr,unep_irp,observed
1974,N,metals,2.926366384,Gt/yr,unep_irp,observed
1975,N,metals,2.809949466,Gt/yr,unep_irp,observed
1976,N,metals,2.902396549,Gt/yr,unep_irp,observed
1977,N,metals,2.82405161,Gt/yr,unep_irp,observed
1978,N,metals,2.828169259,Gt/yr,unep_irp,observed
1979,N,metals,2.917260222,Gt/yr,unep_irp,observed
1980,N,metals,2.917930463,Gt/yr,unep_irp,observed
1981,N,metals,2.957856247,Gt/yr,unep_irp,observed
1982,N,metals,2.881586234,Gt/yr,unep_irp,observed
1983,N,metals,2.911888035,Gt/yr,unep_irp,observed
1984,N,metals,3.138244852,Gt/yr,unep_irp,observed
1985,N,metals,3.267681921,Gt/yr,unep_irp,observed
1986,N,metals,3.34990892,Gt/yr,unep_irp,observed
1987,N,metals,3.513872445,Gt/yr,unep_irp,observed
1988,N,metals,3.712631272,Gt/yr,unep_irp,observed
1989,N,metals,3.850225072,Gt/yr,unep_irp,observed
1990,N,metals,3.941805106,Gt/yr,unep_irp,observed
1991,N,metals,3.854011197,Gt/yr,unep_irp,observed
1992,N,metals,3.956514858,Gt/yr,unep_irp,observed
1993,N,metals,3.963746949,Gt/yr,unep_irp,observed
1994,N,metals,4.020495767,Gt/yr,unep_irp,observed
1995,N,metals,4.178594486,Gt/yr,unep_irp,observed
1996,N,metals,4.308207834,Gt/yr,unep_irp,observed
1997,N,metals,4.558120986,Gt/yr,unep_irp,observed
1998,N,metals,4.690064456,Gt/yr,unep_irp,observed
1999,N,metals,4.759078523,Gt/yr,unep_irp,observed
2000,N,metals,5.013922097,Gt/yr,unep_irp,observed
2001,N,metals,5.072196861,Gt/yr,unep_irp,observed
2002,N,metals,5.111828865,Gt/yr,unep_irp,observed
2003,N,metals,5.308118917,Gt/yr,unep_irp,observed
2004,N,metals,5.617109085,Gt/yr,unep_irp,observed
2005,N,metals,5.959010859,Gt/yr,unep_irp,observed
2006,N,metals,6.327064605,Gt/yr,unep_irp,observed
2007,N,metals,6.674502453,Gt/yr,unep_irp,observed
2008,N,metals,6.899045951,Gt/yr,unep_irp,observed
2009,N,metals,7.033333985,Gt/yr,unep_irp,observed
2010,N,metals,7.642370101,Gt/yr,unep_irp,observed
2011,N,metals,8.223994483,Gt/yr,unep_irp,observed
2012,N,metals,8.424896937,Gt/yr,unep_irp,observed
2013,N,metals,9.028677933,Gt/yr,unep_irp,observed
2014,N,metals,9.347119252,Gt/yr,unep_irp,observed
2015,N,metals,9.405381707,Gt/yr,unep_irp,observed
2016,N,metals,9.607004533,Gt/yr,unep_irp,observed
2017,N,metals,9.684806451,Gt/yr,unep_irp,observed
2018,N,metals,9.397091984,Gt/yr,unep_irp,observed
2019,N,metals,9.709919364,Gt/yr,unep_irp,observed
1970,N,non_metallic_minerals,9.56080484,Gt/yr,unep_irp,observed
1971,N,non_metallic_minerals,10.15985174,Gt/yr,unep_irp,observed
1972,N,non_metallic_minerals,10.5889528,Gt/yr,unep_irp,observed
1973,N,non_metallic_minerals,11.36872444,Gt/yr,unep_irp,observed
1974,N,non_metallic_minerals,11.32975481,Gt/yr,unep_irp,observed
1975,N,non_metallic_minerals,10.93716138,Gt/yr,unep_irp,observed
1976,N,non_metallic_minerals,11.4372485,Gt/yr,unep_irp,observed
1977,N,non_metallic_minerals,11.99970073,Gt/yr,unep_irp,observed
1978,N,non_metallic_minerals,12.92070051,Gt/yr,unep_irp,observed
1979,N,non_metallic_minerals,13.09759394,Gt/yr,unep_irp,observed
1980,N,non_metallic_minerals,12.95922228,Gt/yr,unep_irp,observed
1981,N,non_metallic_minerals,12.58267995,Gt/yr,unep_irp,observed
1982,N,non_metallic_minerals,12.36874641,Gt/yr,unep_irp,observed
1983,N,non_metallic_minerals,13.00985632,Gt/yr,unep_irp,observed
1984,N,non_metallic_minerals,13.52621701,Gt/yr,unep_irp,observed
1985,N,non_metallic_minerals,14.25046046,Gt/yr,unep_irp,observed
1986,N,non_metallic_minerals,15.00848187,Gt/yr,unep_irp,observed
1987,N,non_metallic_minerals,15.9515585,Gt/yr,unep_irp,observed
1988,N,non_metallic_minerals,16.85298024,Gt/yr,unep_irp,observed
1989,N,non_metallic_minerals,16.85185394,Gt/yr,unep_irp,observed
1990,N,non_metallic_minerals,16.94442965,Gt/yr,unep_irp,observed
1991,N,non_metallic_minerals,16.81729528,Gt/yr,unep_irp,observed
1992,N,non_metallic_minerals,18.19314136,Gt/yr,unep_irp,observed
1993,N,non_metallic_minerals,19.15453695,Gt/yr,unep_irp,observed
1994,N,non_metallic_minerals,20.14719201,Gt/yr,unep_irp,observed
1995,N,non_metallic_minerals,20.98795417,Gt/yr,unep_irp,observed
1996,N,non_metallic_minerals,21.27745262,Gt/yr,unep_irp,observed
1997,N,non_metallic_minerals,21.96139587,Gt/yr,unep_irp,observed
1998,N,non_metallic_minerals,22.59973181,Gt/yr,unep_irp,observed
1999,N,non_metallic_minerals,23.36600693,Gt/yr,unep_irp,observed
2000,N,non_metallic_minerals,23.95412176,Gt/yr,unep_irp,observed
2001,N,non_metallic_minerals,24.38179287,Gt/yr,unep_irp,observed
2002,N,non_metallic_minerals,25.27255846,Gt/yr,unep_irp,observed
2003,N,non_metallic_minerals,26.56839678,Gt/yr,unep_irp,observed
2004,N,non_metallic_minerals,28.35905091,Gt/yr,unep_irp,observed
2005,N,non_metallic_minerals,29.94190463,Gt/yr,unep_irp,observed
2006,N,non_metallic_minerals,31.79221358,Gt/yr,unep_irp,observed
2007,N,non_metallic_minerals,33.20541498,Gt/yr,unep_irp,observed
2008,N,non_metallic_minerals,33.04874988,Gt/yr,unep_irp,observed
2009,N,non_metallic_minerals,33.50382376,Gt/yr,unep_irp,observed
2010,N,non_metallic_minerals,36.10051482,Gt/yr,unep_irp,observed
2011,N,non_metallic_minerals,39.06706546,Gt/yr,unep_irp,observed
2012,N,non_metallic_minerals,41.22199883,Gt/yr,unep_irp,observed
2013,N,non_metallic_minerals,42.78199779,Gt/yr,unep_irp,observed
2014,N,non_metallic_minerals,43.47462796,Gt/yr,unep_irp,observed
2015,N,non_metallic_minerals,43.15331096,Gt/yr,unep_irp,observed
2016,N,non_metallic_minerals,43.34454187,Gt/yr,unep_irp,observed
2017,N,non_metallic_minerals,43.4216301,Gt/yr,unep_irp,observed
2018,N,non_metallic_minerals,43.61407654,Gt/yr,unep_irp,observed
2019,N,non_metallic_minerals,44.84354142,Gt/yr,unep_irp,observed
1970,N,total,30.94237733,Gt/yr,unep_irp,observed
1971,N,total,31.95345929,Gt/yr,unep_irp,observed
1972,N,total,32.70226377,Gt/yr,unep_irp,observed
1973,N,total,34.53703463,Gt/yr,unep_irp,observed
1974,N,total,34.61265165,Gt/yr,unep_irp,observed
1975,N,total,34.38095049,Gt/yr,unep_irp,observed
1976,N,total,35.72689402,Gt/yr,unep_irp,observed
1977,N,total,36.61491143,Gt/yr,unep_irp,observed
1978,N,total,38.05185905,Gt/yr,unep_irp,observed
1979,N,total,38.66976304,Gt/yr,unep_irp,observed
1980,N,total,38.45403387,Gt/yr,unep_irp,observed
1981,N,total,38.41855627,Gt/yr,unep_irp,observed
1982,N,total,38.59815573,Gt/yr,unep_irp,observed
1983,N,total,39.25854792,Gt/yr,unep_irp,observed
1984,N,total,40.85972385,Gt/yr,unep_irp,observed
1985,N,total,42.0307919,Gt/yr,unep_irp,observed
1986,N,total,43.2894671,Gt/yr,unep_irp,observed
1987,N,total,44.68238035,Gt/yr,unep_irp,observed
1988,N,total,46.07905027,Gt/yr,unep_irp,observed
1989,N,total,46.96187391,Gt/yr,unep_irp,observed
1990,N,total,47.43812665,Gt/yr,unep_irp,observed
1991,N,total,46.97861636,Gt/yr,unep_irp,observed
1992,N,total,48.47243586,Gt/yr,unep_irp,observed
1993,N,total,49.24174718,Gt/yr,unep_irp,observed
1994,N,total,50.68856822,Gt/yr,unep_irp,observed
1995,N,total,52.11642398,Gt/yr,unep_irp,observed
1996,N,total,53.32097761,Gt/yr,unep_irp,observed
1997,N,total,54.37770328,Gt/yr,unep_irp,observed
1998,N,total,55.56796736,Gt/yr,unep_irp,observed
1999,N,total,56.61099981,Gt/yr,unep_irp,observed
2000,N,total,57.84204218,Gt/yr,unep_irp,observed
2001,N,total,58.77947618,Gt/yr,unep_irp,observed
2002,N,total,60.01017218,Gt/yr,unep_irp,observed
2003,N,total,62.43334388,Gt/yr,unep_irp,observed
2004,N,total,65.79054711,Gt/yr,unep_irp,observed
2005,N,total,68.30651078,Gt/yr,unep_irp,observed
2006,N,total,71.42385556,Gt/yr,unep_irp,observed
2007,N,total,74.25506736,Gt/yr,unep_irp,observed
2008,N,total,75.37180256,Gt/yr,unep_irp,observed
2009,N,total,75.74563472,Gt/yr,unep_irp,observed
2010,N,total,79.92872961,Gt/yr,unep_irp,observed
2011,N,total,84.99675422,Gt/yr,unep_irp,observed
2012,N,total,87.74256748,Gt/yr,unep_irp,observed
2013,N,total,90.88568805,Gt/yr,unep_irp,observed
2014,N,total,92.34157283,Gt/yr,unep_irp,observed
2015,N,total,92.19153888,Gt/yr,unep_irp,observed
2016,N,total,92.46052344,Gt/yr,unep_irp,observed
2017,N,total,93.59855818,Gt/yr,unep_irp,observed
2018,N,total,93.98460089,Gt/yr,unep_irp,observed
2019,N,total,96.18874109,Gt/yr,unep_irp,observed
