year,series,value,unit,source,method
,irf_co2_rel_error_pct,0.6,per cent,"Joos et al. 2013 ACP 13:2793-2825, Table 5, row IRF_CO2",published
,irf_co2_a0,0.2173,fraction,"Joos et al. 2013 ACP 13:2793-2825, Table 5, row IRF_CO2",published
,irf_co2_a1,0.224,fraction,"Joos et al. 2013 ACP 13:2793-2825, Table 5, row IRF_CO2",published
,irf_co2_a2,0.2824,fraction,"Joos et al. 2013 ACP 13:2793-2825, Table 5, row IRF_CO2",published
,irf_co2_a3,0.2763,fraction,"Joos et al. 2013 ACP 13:2793-2825, Table 5, row IRF_CO2",published
,irf_co2_tau1,394.4,years,"Joos et al. 2013 ACP 13:2793-2825, Table 5, row IRF_CO2",published
,irf_co2_tau2,36.54,years,"Joos et al. 2013 ACP 13:2793-2825, Table 5, row IRF_CO2",published
,irf_co2_tau3,4.304,years,"Joos et al. 2013 ACP 13:2793-2825, Table 5, row IRF_CO2",published
0,irf_co2_retained_fraction_at_horizon,1,fraction of pulse,"Joos et al. 2013 ACP 13:2793-2825, Table 5, row IRF_CO2",evaluated
1,irf_co2_retained_fraction_at_horizon,0.934525143,fraction of pulse,"Joos et al. 2013 ACP 13:2793-2825, Table 5, row IRF_CO2",evaluated
2,irf_co2_retained_fraction_at_horizon,0.881133921,fraction of pulse,"Joos et al. 2013 ACP 13:2793-2825, Table 5, row IRF_CO2",evaluated
3,irf_co2_retained_fraction_at_horizon,0.837358502,fraction of pulse,"Joos et al. 2013 ACP 13:2793-2825, Table 5, row IRF_CO2",evaluated
4,irf_co2_retained_fraction_at_horizon,0.801241693,fraction of pulse,"Joos et al. 2013 ACP 13:2793-2825, Table 5, row IRF_CO2",evaluated
5,irf_co2_retained_fraction_at_horizon,0.771231104,fraction of pulse,"Joos et al. 2013 ACP 13:2793-2825, Table 5, row IRF_CO2",evaluated
6,irf_co2_retained_fraction_at_horizon,0.746095242,fraction of pulse,"Joos et al. 2013 ACP 13:2793-2825, Table 5, row IRF_CO2",evaluated
7,irf_co2_retained_fraction_at_horizon,0.724857011,fraction of pulse,"Joos et al. 2013 ACP 13:2793-2825, Table 5, row IRF_CO2",evaluated
8,irf_co2_retained_fraction_at_horizon,0.706740993,fraction of pulse,"Joos et al. 2013 ACP 13:2793-2825, Table 5, row IRF_CO2",evaluated
9,irf_co2_retained_fraction_at_horizon,0.691131657,fraction of pulse,"Joos et al. 2013 ACP 13:2793-2825, Table 5, row IRF_CO2",evaluated
10,irf_co2_retained_fraction_at_horizon,0.677540239,fraction of pulse,"Joos et al. 2013 ACP 13:2793-2825, Table 5, row IRF_CO2",evaluated
11,irf_co2_retained_fraction_at_horizon,0.665578477,fraction of pulse,"Joos et al. 2013 ACP 13:2793-2825, Table 5, row IRF_CO2",evaluated
12,irf_co2_retained_fraction_at_horizon,0.654937802,fraction of pulse,"Joos et al. 2013 ACP 13:2793-2825, Table 5, row IRF_CO2",evaluated
13,irf_co2_retained_fraction_at_horizon,0.645372834,fraction of pulse,"Joos et al. 2013 ACP 13:2793-2825, Table 5, row IRF_CO2",evaluated
14,irf_co2_retained_fraction_at_horizon,0.636688305,fraction of pulse,"Joos et al. 2013 ACP 13:2793-2825, Table 5, row IRF_CO2",evaluated
15,irf_co2_retained_fraction_at_horizon,0.628728687,fraction of pulse,"Joos et al. 2013 ACP 13:2793-2825, Table 5, row IRF_CO2",evaluated
16,irf_co2_retained_fraction_at_horizon,0.621369975,fraction of pulse,"Joos et al. 2013 ACP 13:2793-2825, Table 5, row IRF_CO2",evaluated
17,irf_co2_retained_fraction_at_horizon,0.614513172,fraction of pulse,"Joos et al. 2013 ACP 13:2793-2825, Table 5, row IRF_CO2",evaluated
18,irf_co2_retained_fraction_at_horizon,0.60807912,fraction of pulse,"Joos et al. 2013 ACP 13:2793-2825, Table 5, row IRF_CO2",evaluated
19,irf_co2_retained_fraction_at_horizon,0.602004409,fraction of pulse,"Joos et al. 2013 ACP 13:2793-2825, Table 5, row IRF_CO2",evaluated
20,irf_co2_retained_fraction_at_horizon,0.596238127,fraction of pulse,"Joos et al. 2013 ACP 13:2793-2825, Table 5, row IRF_CO2",evaluated
21,irf_co2_retained_fraction_at_horizon,0.590739287,fraction of pulse,"Joos et al. 2013 ACP 13:2793-2825, Table 5, row IRF_CO2",evaluated
22,irf_co2_retained_fraction_at_horizon,0.585474787,fraction of pulse,"Joos et al. 2013 ACP 13:2793-2825, Table 5, row IRF_CO2",evaluated
23,irf_co2_retained_fraction_at_horizon,0.580417792,fraction of pulse,"Joos et al. 2013 ACP 13:2793-2825, Table 5, row IRF_CO2",evaluated
24,irf_co2_retained_fraction_at_horizon,0.575546451,fraction of pulse,"Joos et al. 2013 ACP 13:2793-2825, Table 5, row IRF_CO2",evaluated
25,irf_co2_retained_fraction_at_horizon,0.570842876,fraction of pulse,"Joos et al. 2013 ACP 13:2793-2825, Table 5, row IRF_CO2",evaluated
26,irf_co2_retained_fraction_at_horizon,0.566292341,fraction of pulse,"Joos et al. 2013 ACP 13:2793-2825, Table 5, row IRF_CO2",evaluated
27,irf_co2_retained_fraction_at_horizon,0.561882637,fraction of pulse,"Joos et al. 2013 ACP 13:2793-2825, Table 5, row IRF_CO2",evaluated
28,irf_co2_retained_fraction_at_horizon,0.557603566,fraction of pulse,"Joos et al. 2013 ACP 13:2793-2825, Table 5, row IRF_CO2",evaluated
29,irf_co2_retained_fraction_at_horizon,0.553446538,fraction of pulse,"Joos et al. 2013 ACP 13:2793-2825, Table 5, row IRF_CO2",evaluated
30,irf_co2_retained_fraction_at_horizon,0.549404253,fraction of pulse,"Joos et al. 2013 ACP 13:2793-2825, Table 5, row IRF_CO2",evaluated
31,irf_co2_retained_fraction_at_horizon,0.545470443,fraction of pulse,"Joos et al. 2013 ACP 13:2793-2825, Table 5, row IRF_CO2",evaluated
32,irf_co2_retained_fraction_at_horizon,0.541639675,fraction of pulse,"Joos et al. 2013 ACP 13:2793-2825, Table 5, row IRF_CO2",evaluated
33,irf_co2_retained_fraction_at_horizon,0.537907187,fraction of pulse,"Joos et al. 2013 ACP 13:2793-2825, Table 5, row IRF_CO2",evaluated
34,irf_co2_retained_fraction_at_horizon,0.534268764,fraction of pulse,"Joos et al. 2013 ACP 13:2793-2825, Table 5, row IRF_CO2",evaluated
35,irf_co2_retained_fraction_at_horizon,0.530720635,fraction of pulse,"Joos et al. 2013 ACP 13:2793-2825, Table 5, row IRF_CO2",evaluated
36,irf_co2_retained_fraction_at_horizon,0.527259393,fraction of pulse,"Joos et al. 2013 ACP 13:2793-2825, Table 5, row IRF_CO2",evaluated
37,irf_co2_retained_fraction_at_horizon,0.523881929,fraction of pulse,"Joos et al. 2013 ACP 13:2793-2825, Table 5, row IRF_CO2",evaluated
38,irf_co2_retained_fraction_at_horizon,0.520585386,fraction of pulse,"Joos et al. 2013 ACP 13:2793-2825, Table 5, row IRF_CO2",evaluated
39,irf_co2_retained_fraction_at_horizon,0.51736711,fraction of pulse,"Joos et al. 2013 ACP 13:2793-2825, Table 5, row IRF_CO2",evaluated
40,irf_co2_retained_fraction_at_horizon,0.514224626,fraction of pulse,"Joos et al. 2013 ACP 13:2793-2825, Table 5, row IRF_CO2",evaluated
41,irf_co2_retained_fraction_at_horizon,0.511155606,fraction of pulse,"Joos et al. 2013 ACP 13:2793-2825, Table 5, row IRF_CO2",evaluated
42,irf_co2_retained_fraction_at_horizon,0.50815785,fraction of pulse,"Joos et al. 2013 ACP 13:2793-2825, Table 5, row IRF_CO2",evaluated
43,irf_co2_retained_fraction_at_horizon,0.505229268,fraction of pulse,"Joos et al. 2013 ACP 13:2793-2825, Table 5, row IRF_CO2",evaluated
44,irf_co2_retained_fraction_at_horizon,0.502367869,fraction of pulse,"Joos et al. 2013 ACP 13:2793-2825, Table 5, row IRF_CO2",evaluated
45,irf_co2_retained_fraction_at_horizon,0.499571748,fraction of pulse,"Joos et al. 2013 ACP 13:2793-2825, Table 5, row IRF_CO2",evaluated
46,irf_co2_retained_fraction_at_horizon,0.496839074,fraction of pulse,"Joos et al. 2013 ACP 13:2793-2825, Table 5, row IRF_CO2",evaluated
47,irf_co2_retained_fraction_at_horizon,0.494168088,fraction of pulse,"Joos et al. 2013 ACP 13:2793-2825, Table 5, row IRF_CO2",evaluated
48,irf_co2_retained_fraction_at_horizon,0.491557096,fraction of pulse,"Joos et al. 2013 ACP 13:2793-2825, Table 5, row IRF_CO2",evaluated
49,irf_co2_retained_fraction_at_horizon,0.48900446,fraction of pulse,"Joos et al. 2013 ACP 13:2793-2825, Table 5, row IRF_CO2",evaluated
50,irf_co2_retained_fraction_at_horizon,0.486508597,fraction of pulse,"Joos et al. 2013 ACP 13:2793-2825, Table 5, row IRF_CO2",evaluated
51,irf_co2_retained_fraction_at_horizon,0.484067975,fraction of pulse,"Joos et al. 2013 ACP 13:2793-2825, Table 5, row IRF_CO2",evaluated
52,irf_co2_retained_fraction_at_horizon,0.481681109,fraction of pulse,"Joos et al. 2013 ACP 13:2793-2825, Table 5, row IRF_CO2",evaluated
53,irf_co2_retained_fraction_at_horizon,0.479346559,fraction of pulse,"Joos et al. 2013 ACP 13:2793-2825, Table 5, row IRF_CO2",evaluated
54,irf_co2_retained_fraction_at_horizon,0.477062929,fraction of pulse,"Joos et al. 2013 ACP 13:2793-2825, Table 5, row IRF_CO2",evaluated
55,irf_co2_retained_fraction_at_horizon,0.474828863,fraction of pulse,"Joos et al. 2013 ACP 13:2793-2825, Table 5, row IRF_CO2",evaluated
56,irf_co2_retained_fraction_at_horizon,0.472643044,fraction of pulse,"Joos et al. 2013 ACP 13:2793-2825, Table 5, row IRF_CO2",evaluated
57,irf_co2_retained_fraction_at_horizon,0.470504192,fraction of pulse,"Joos et al. 2013 ACP 13:2793-2825, Table 5, row IRF_CO2",evaluated
58,irf_co2_retained_fraction_at_horizon,0.468411065,fraction of pulse,"Joos et al. 2013 ACP 13:2793-2825, Table 5, row IRF_CO2",evaluated
59,irf_co2_retained_fraction_at_horizon,0.466362452,fraction of pulse,"Joos et al. 2013 ACP 13:2793-2825, Table 5, row IRF_CO2",evaluated
60,irf_co2_retained_fraction_at_horizon,0.46435718,fraction of pulse,"Joos et al. 2013 ACP 13:2793-2825, Table 5, row IRF_CO2",evaluated
61,irf_co2_retained_fraction_at_horizon,0.462394106,fraction of pulse,"Joos et al. 2013 ACP 13:2793-2825, Table 5, row IRF_CO2",evaluated
62,irf_co2_retained_fraction_at_horizon,0.460472118,fraction of pulse,"Joos et al. 2013 ACP 13:2793-2825, Table 5, row IRF_CO2",evaluated
63,irf_co2_retained_fraction_at_horizon,0.458590135,fraction of pulse,"Joos et al. 2013 ACP 13:2793-2825, Table 5, row IRF_CO2",evaluated
64,irf_co2_retained_fraction_at_horizon,0.456747106,fraction of pulse,"Joos et al. 2013 ACP 13:2793-2825, Table 5, row IRF_CO2",evaluated
65,irf_co2_retained_fraction_at_horizon,0.454942008,fraction of pulse,"Joos et al. 2013 ACP 13:2793-2825, Table 5, row IRF_CO2",evaluated
66,irf_co2_retained_fraction_at_horizon,0.453173847,fraction of pulse,"Joos et al. 2013 ACP 13:2793-2825, Table 5, row IRF_CO2",evaluated
67,irf_co2_retained_fraction_at_horizon,0.451441654,fraction of pulse,"Joos et al. 2013 ACP 13:2793-2825, Table 5, row IRF_CO2",evaluated
68,irf_co2_retained_fraction_at_horizon,0.449744487,fraction of pulse,"Joos et al. 2013 ACP 13:2793-2825, Table 5, row IRF_CO2",evaluated
69,irf_co2_retained_fraction_at_horizon,0.44808143,fraction of pulse,"Joos et al. 2013 ACP 13:2793-2825, Table 5, row IRF_CO2",evaluated
70,irf_co2_retained_fraction_at_horizon,0.446451592,fraction of pulse,"Joos et al. 2013 ACP 13:2793-2825, Table 5, row IRF_CO2",evaluated
71,irf_co2_retained_fraction_at_horizon,0.444854105,fraction of pulse,"Joos et al. 2013 ACP 13:2793-2825, Table 5, row IRF_CO2",evaluated
72,irf_co2_retained_fraction_at_horizon,0.443288125,fraction of pulse,"Joos et al. 2013 ACP 13:2793-2825, Table 5, row IRF_CO2",evaluated
73,irf_co2_retained_fraction_at_horizon,0.44175283,fraction of pulse,"Joos et al. 2013 ACP 13:2793-2825, Table 5, row IRF_CO2",evaluated
74,irf_co2_retained_fraction_at_horizon,0.440247422,fraction of pulse,"Joos et al. 2013 ACP 13:2793-2825, Table 5, row IRF_CO2",evaluated
75,irf_co2_retained_fraction_at_horizon,0.438771123,fraction of pulse,"Joos et al. 2013 ACP 13:2793-2825, Table 5, row IRF_CO2",evaluated
76,irf_co2_retained_fraction_at_horizon,0.437323176,fraction of pulse,"Joos et al. 2013 ACP 13:2793-2825, Table 5, row IRF_CO2",evaluated
77,irf_co2_retained_fraction_at_horizon,0.435902844,fraction of pulse,"Joos et al. 2013 ACP 13:2793-2825, Table 5, row IRF_CO2",evaluated
78,irf_co2_retained_fraction_at_horizon,0.434509412,fraction of pulse,"Joos et al. 2013 ACP 13:2793-2825, Table 5, row IRF_CO2",evaluated
79,irf_co2_retained_fraction_at_horizon,0.433142181,fraction of pulse,"Joos et al. 2013 ACP 13:2793-2825, Table 5, row IRF_CO2",evaluated
80,irf_co2_retained_fraction_at_horizon,0.431800474,fraction of pulse,"Joos et al. 2013 ACP 13:2793-2825, Table 5, row IRF_CO2",evaluated
81,irf_co2_retained_fraction_at_horizon,0.430483631,fraction of pulse,"Joos et al. 2013 ACP 13:2793-2825, Table 5, row IRF_CO2",evaluated
82,irf_co2_retained_fraction_at_horizon,0.429191008,fraction of pulse,"Joos et al. 2013 ACP 13:2793-2825, Table 5, row IRF_CO2",evaluated
83,irf_co2_retained_fraction_at_horizon,0.427921981,fraction of pulse,"Joos et al. 2013 ACP 13:2793-2825, Table 5, row IRF_CO2",evaluated
84,irf_co2_retained_fraction_at_horizon,0.42667594,fraction of pulse,"Joos et al. 2013 ACP 13:2793-2825, Table 5, row IRF_CO2",evaluated
85,irf_co2_retained_fraction_at_horizon,0.425452295,fraction of pulse,"Joos et al. 2013 ACP 13:2793-2825, Table 5, row IRF_CO2",evaluated
86,irf_co2_retained_fraction_at_horizon,0.424250469,fraction of pulse,"Joos et al. 2013 ACP 13:2793-2825, Table 5, row IRF_CO2",evaluated
87,irf_co2_retained_fraction_at_horizon,0.423069902,fraction of pulse,"Joos et al. 2013 ACP 13:2793-2825, Table 5, row IRF_CO2",evaluated
88,irf_co2_retained_fraction_at_horizon,0.421910047,fraction of pulse,"Joos et al. 2013 ACP 13:2793-2825, Table 5, row IRF_CO2",evaluated
89,irf_co2_retained_fraction_at_horizon,0.420770374,fraction of pulse,"Joos et al. 2013 ACP 13:2793-2825, Table 5, row IRF_CO2",evaluated
90,irf_co2_retained_fraction_at_horizon,0.419650367,fraction of pulse,"Joos et al. 2013 ACP 13:2793-2825, Table 5, row IRF_CO2",evaluated
91,irf_co2_retained_fraction_at_horizon,0.418549522,fraction of pulse,"Joos et al. 2013 ACP 13:2793-2825, Table 5, row IRF_CO2",evaluated
92,irf_co2_retained_fraction_at_horizon,0.41746735,fraction of pulse,"Joos et al. 2013 ACP 13:2793-2825, Table 5, row IRF_CO2",evaluated
93,irf_co2_retained_fraction_at_horizon,0.416403375,fraction of pulse,"Joos et al. 2013 ACP 13:2793-2825, Table 5, row IRF_CO2",evaluated
94,irf_co2_retained_fraction_at_horizon,0.415357133,fraction of pulse,"Joos et al. 2013 ACP 13:2793-2825, Table 5, row IRF_CO2",evaluated
95,irf_co2_retained_fraction_at_horizon,0.414328175,fraction of pulse,"Joos et al. 2013 ACP 13:2793-2825, Table 5, row IRF_CO2",evaluated
96,irf_co2_retained_fraction_at_horizon,0.413316061,fraction of pulse,"Joos et al. 2013 ACP 13:2793-2825, Table 5, row IRF_CO2",evaluated
97,irf_co2_retained_fraction_at_horizon,0.412320363,fraction of pulse,"Joos et al. 2013 ACP 13:2793-2825, Table 5, row IRF_CO2",evaluated
98,irf_co2_retained_fraction_at_horizon,0.411340667,fraction of pulse,"Joos et al. 2013 ACP 13:2793-2825, Table 5, row IRF_CO2",evaluated
99,irf_co2_retained_fraction_at_horizon,0.410376568,fraction of pulse,"Joos et al. 2013 ACP 13:2793-2825, Table 5, row IRF_CO2",evaluated
100,irf_co2_retained_fraction_at_horizon,0.409427672,fraction of pulse,"Joos et al. 2013 ACP 13:2793-2825, Table 5, row IRF_CO2",evaluated
101,irf_co2_retained_fraction_at_horizon,0.408493596,fraction of pulse,"Joos et al. 2013 ACP 13:2793-2825, Table 5, row IRF_CO2",evaluated
102,irf_co2_retained_fraction_at_horizon,0.407573969,fraction of pulse,"Joos et al. 2013 ACP 13:2793-2825, Table 5, row IRF_CO2",evaluated
103,irf_co2_retained_fraction_at_horizon,0.406668425,fraction of pulse,"Joos et al. 2013 ACP 13:2793-2825, Table 5, row IRF_CO2",evaluated
104,irf_co2_retained_fraction_at_horizon,0.405776614,fraction of pulse,"Joos et al. 2013 ACP 13:2793-2825, Table 5, row IRF_CO2",evaluated
105,irf_co2_retained_fraction_at_horizon,0.404898191,fraction of pulse,"Joos et al. 2013 ACP 13:2793-2825, Table 5, row IRF_CO2",evaluated
106,irf_co2_retained_fraction_at_horizon,0.404032822,fraction of pulse,"Joos et al. 2013 ACP 13:2793-2825, Table 5, row IRF_CO2",evaluated
107,irf_co2_retained_fraction_at_horizon,0.403180181,fraction of pulse,"Joos et al. 2013 ACP 13:2793-2825, Table 5, row IRF_CO2",evaluated
108,irf_co2_retained_fraction_at_horizon,0.402339952,fraction of pulse,"Joos et al. 2013 ACP 13:2793-2825, Table 5, row IRF_CO2",evaluated
109,irf_co2_retained_fraction_at_horizon,0.401511826,fraction of pulse,"Joos et al. 2013 ACP 13:2793-2825, Table 5, row IRF_CO2",evaluated
110,irf_co2_retained_fraction_at_horizon,0.400695504,fraction of pulse,"Joos et al. 2013 ACP 13:2793-2825, Table 5, row IRF_CO2",evaluated
111,irf_co2_retained_fraction_at_horizon,0.399890694,fraction of pulse,"Joos et al. 2013 ACP 13:2793-2825, Table 5, row IRF_CO2",evaluated
112,irf_co2_retained_fraction_at_horizon,0.399097111,fraction of pulse,"Joos et al. 2013 ACP 13:2793-2825, Table 5, row IRF_CO2",evaluated
113,irf_co2_retained_fraction_at_horizon,0.398314479,fraction of pulse,"Joos et al. 2013 ACP 13:2793-2825, Table 5, row IRF_CO2",evaluated
114,irf_co2_retained_fraction_at_horizon,0.397542529,fraction of pulse,"Joos et al. 2013 ACP 13:2793-2825, Table 5, row IRF_CO2",evaluated
115,irf_co2_retained_fraction_at_horizon,0.396780999,fraction of pulse,"Joos et al. 2013 ACP 13:2793-2825, Table 5, row IRF_CO2",evaluated
116,irf_co2_retained_fraction_at_horizon,0.396029635,fraction of pulse,"Joos et al. 2013 ACP 13:2793-2825, Table 5, row IRF_CO2",evaluated
117,irf_co2_retained_fraction_at_horizon,0.395288187,fraction of pulse,"Joos et al. 2013 ACP 13:2793-2825, Table 5, row IRF_CO2",evaluated
118,irf_co2_retained_fraction_at_horizon,0.394556414,fraction of pulse,"Joos et al. 2013 ACP 13:2793-2825, Table 5, row IRF_CO2",evaluated
119,irf_co2_retained_fraction_at_horizon,0.393834082,fraction of pulse,"Joos et al. 2013 ACP 13:2793-2825, Table 5, row IRF_CO2",evaluated
120,irf_co2_retained_fraction_at_horizon,0.393120962,fraction of pulse,"Joos et al. 2013 ACP 13:2793-2825, Table 5, row IRF_CO2",evaluated
121,irf_co2_retained_fraction_at_horizon,0.392416831,fraction of pulse,"Joos et al. 2013 ACP 13:2793-2825, Table 5, row IRF_CO2",evaluated
122,irf_co2_retained_fraction_at_horizon,0.391721472,fraction of pulse,"Joos et al. 2013 ACP 13:2793-2825, Table 5, row IRF_CO2",evaluated
123,irf_co2_retained_fraction_at_horizon,0.391034675,fraction of pulse,"Joos et al. 2013 ACP 13:2793-2825, Table 5, row IRF_CO2",evaluated
124,irf_co2_retained_fraction_at_horizon,0.390356234,fraction of pulse,"Joos et al. 2013 ACP 13:2793-2825, Table 5, row IRF_CO2",evaluated
125,irf_co2_retained_fraction_at_horizon,0.38968595,fraction of pulse,"Joos et al. 2013 ACP 13:2793-2825, Table 5, row IRF_CO2",evaluated
126,irf_co2_retained_fraction_at_horizon,0.389023628,fraction of pulse,"Joos et al. 2013 ACP 13:2793-2825, Table 5, row IRF_CO2",evaluated
127,irf_co2_retained_fraction_at_horizon,0.388369078,fraction of pulse,"Joos et al. 2013 ACP 13:2793-2825, Table 5, row IRF_CO2",evaluated
128,irf_co2_retained_fraction_at_horizon,0.387722117,fraction of pulse,"Joos et al. 2013 ACP 13:2793-2825, Table 5, row IRF_CO2",evaluated
129,irf_co2_retained_fraction_at_horizon,0.387082565,fraction of pulse,"Joos et al. 2013 ACP 13:2793-2825, Table 5, row IRF_CO2",evaluated
130,irf_co2_retained_fraction_at_horizon,0.386450247,fraction of pulse,"Joos et al. 2013 ACP 13:2793-2825, Table 5, row IRF_CO2",evaluated
131,irf_co2_retained_fraction_at_horizon,0.385824994,fraction of pulse,"Joos et al. 2013 ACP 13:2793-2825, Table 5, row IRF_CO2",evaluated
132,irf_co2_retained_fraction_at_horizon,0.385206641,fraction of pulse,"Joos et al. 2013 ACP 13:2793-2825, Table 5, row IRF_CO2",evaluated
133,irf_co2_retained_fraction_at_horizon,0.384595026,fraction of pulse,"Joos et al. 2013 ACP 13:2793-2825, Table 5, row IRF_CO2",evaluated
134,irf_co2_retained_fraction_at_horizon,0.383989992,fraction of pulse,"Joos et al. 2013 ACP 13:2793-2825, Table 5, row IRF_CO2",evaluated
135,irf_co2_retained_fraction_at_horizon,0.383391388,fraction of pulse,"Joos et al. 2013 ACP 13:2793-2825, Table 5, row IRF_CO2",evaluated
136,irf_co2_retained_fraction_at_horizon,0.382799064,fraction of pulse,"Joos et al. 2013 ACP 13:2793-2825, Table 5, row IRF_CO2",evaluated
137,irf_co2_retained_fraction_at_horizon,0.382212876,fraction of pulse,"Joos et al. 2013 ACP 13:2793-2825, Table 5, row IRF_CO2",evaluated
138,irf_co2_retained_fraction_at_horizon,0.381632684,fraction of pulse,"Joos et al. 2013 ACP 13:2793-2825, Table 5, row IRF_CO2",evaluated
139,irf_co2_retained_fraction_at_horizon,0.38105835,fraction of pulse,"Joos et al. 2013 ACP 13:2793-2825, Table 5, row IRF_CO2",evaluated
140,irf_co2_retained_fraction_at_horizon,0.380489741,fraction of pulse,"Joos et al. 2013 ACP 13:2793-2825, Table 5, row IRF_CO2",evaluated
141,irf_co2_retained_fraction_at_horizon,0.379926727,fraction of pulse,"Joos et al. 2013 ACP 13:2793-2825, Table 5, row IRF_CO2",evaluated
142,irf_co2_retained_fraction_at_horizon,0.379369182,fraction of pulse,"Joos et al. 2013 ACP 13:2793-2825, Table 5, row IRF_CO2",evaluated
143,irf_co2_retained_fraction_at_horizon,0.378816984,fraction of pulse,"Joos et al. 2013 ACP 13:2793-2825, Table 5, row IRF_CO2",evaluated
144,irf_co2_retained_fraction_at_horizon,0.378270011,fraction of pulse,"Joos et al. 2013 ACP 13:2793-2825, Table 5, row IRF_CO2",evaluated
145,irf_co2_retained_fraction_at_horizon,0.377728148,fraction of pulse,"Joos et al. 2013 ACP 13:2793-2825, Table 5, row IRF_CO2",evaluated
146,irf_co2_retained_fraction_at_horizon,0.377191281,fraction of pulse,"Joos et al. 2013 ACP 13:2793-2825, Table 5, row IRF_CO2",evaluated
147,irf_co2_retained_fraction_at_horizon,0.3766593,fraction of pulse,"Joos et al. 2013 ACP 13:2793-2825, Table 5, row IRF_CO2",evaluated
148,irf_co2_retained_fraction_at_horizon,0.376132097,fraction of pulse,"Joos et al. 2013 ACP 13:2793-2825, Table 5, row IRF_CO2",evaluated
149,irf_co2_retained_fraction_at_horizon,0.375609568,fraction of pulse,"Joos et al. 2013 ACP 13:2793-2825, Table 5, row IRF_CO2",evaluated
150,irf_co2_retained_fraction_at_horizon,0.375091609,fraction of pulse,"Joos et al. 2013 ACP 13:2793-2825, Table 5, row IRF_CO2",evaluated
151,irf_co2_retained_fraction_at_horizon,0.374578123,fraction of pulse,"Joos et al. 2013 ACP 13:2793-2825, Table 5, row IRF_CO2",evaluated
152,irf_co2_retained_fraction_at_horizon,0.374069013,fraction of pulse,"Joos et al. 2013 ACP 13:2793-2825, Table 5, row IRF_CO2",evaluated
153,irf_co2_retained_fraction_at_horizon,0.373564183,fraction of pulse,"Joos et al. 2013 ACP 13:2793-2825, Table 5, row IRF_CO2",evaluated
154,irf_co2_retained_fraction_at_horizon,0.373063544,fraction of pulse,"Joos et al. 2013 ACP 13:2793-2825, Table 5, row IRF_CO2",evaluated
155,irf_co2_retained_fraction_at_horizon,0.372567005,fraction of pulse,"Joos et al. 2013 ACP 13:2793-2825, Table 5, row IRF_CO2",evaluated
156,irf_co2_retained_fraction_at_horizon,0.37207448,fraction of pulse,"Joos et al. 2013 ACP 13:2793-2825, Table 5, row IRF_CO2",evaluated
157,irf_co2_retained_fraction_at_horizon,0.371585884,fraction of pulse,"Joos et al. 2013 ACP 13:2793-2825, Table 5, row IRF_CO2",evaluated
158,irf_co2_retained_fraction_at_horizon,0.371101135,fraction of pulse,"Joos et al. 2013 ACP 13:2793-2825, Table 5, row IRF_CO2",evaluated
159,irf_co2_retained_fraction_at_horizon,0.370620152,fraction of pulse,"Joos et al. 2013 ACP 13:2793-2825, Table 5, row IRF_CO2",evaluated
160,irf_co2_retained_fraction_at_horizon,0.370142858,fraction of pulse,"Joos et al. 2013 ACP 13:2793-2825, Table 5, row IRF_CO2",evaluated
161,irf_co2_retained_fraction_at_horizon,0.369669177,fraction of pulse,"Joos et al. 2013 ACP 13:2793-2825, Table 5, row IRF_CO2",evaluated
162,irf_co2_retained_fraction_at_horizon,0.369199034,fraction of pulse,"Joos et al. 2013 ACP 13:2793-2825, Table 5, row IRF_CO2",evaluated
163,irf_co2_retained_fraction_at_horizon,0.368732357,fraction of pulse,"Joos et al. 2013 ACP 13:2793-2825, Table 5, row IRF_CO2",evaluated
164,irf_co2_retained_fraction_at_horizon,0.368269076,fraction of pulse,"Joos et al. 2013 ACP 13:2793-2825, Table 5, row IRF_CO2",evaluated
165,irf_co2_retained_fraction_at_horizon,0.367809123,fraction of pulse,"Joos et al. 2013 ACP 13:2793-2825, Table 5, row IRF_CO2",evaluated
166,irf_co2_retained_fraction_at_horizon,0.367352432,fraction of pulse,"Joos et al. 2013 ACP 13:2793-2825, Table 5, row IRF_CO2",evaluated
167,irf_co2_retained_fraction_at_horizon,0.366898936,fraction of pulse,"Joos et al. 2013 ACP 13:2793-2825, Table 5, row IRF_CO2",evaluated
168,irf_co2_retained_fraction_at_horizon,0.366448574,fraction of pulse,"Joos et al. 2013 ACP 13:2793-2825, Table 5, row IRF_CO2",evaluated
169,irf_co2_retained_fraction_at_horizon,0.366001283,fraction of pulse,"Joos et al. 2013 ACP 13:2793-2825, Table 5, row IRF_CO2",evaluated
170,irf_co2_retained_fraction_at_horizon,0.365557004,fraction of pulse,"Joos et al. 2013 ACP 13:2793-2825, Table 5, row IRF_CO2",evaluated
171,irf_co2_retained_fraction_at_horizon,0.365115678,fraction of pulse,"Joos et al. 2013 ACP 13:2793-2825, Table 5, row IRF_CO2",evaluated
172,irf_co2_retained_fraction_at_horizon,0.364677249,fraction of pulse,"Joos et al. 2013 ACP 13:2793-2825, Table 5, row IRF_CO2",evaluated
173,irf_co2_retained_fraction_at_horizon,0.364241661,fraction of pulse,"Joos et al. 2013 ACP 13:2793-2825, Table 5, row IRF_CO2",evaluated
174,irf_co2_retained_fraction_at_horizon,0.363808861,fraction of pulse,"Joos et al. 2013 ACP 13:2793-2825, Table 5, row IRF_CO2",evaluated
175,irf_co2_retained_fraction_at_horizon,0.363378795,fraction of pulse,"Joos et al. 2013 ACP 13:2793-2825, Table 5, row IRF_CO2",evaluated
176,irf_co2_retained_fraction_at_horizon,0.362951412,fraction of pulse,"Joos et al. 2013 ACP 13:2793-2825, Table 5, row IRF_CO2",evaluated
177,irf_co2_retained_fraction_at_horizon,0.362526663,fraction of pulse,"Joos et al. 2013 ACP 13:2793-2825, Table 5, row IRF_CO2",evaluated
178,irf_co2_retained_fraction_at_horizon,0.3621045,fraction of pulse,"Joos et al. 2013 ACP 13:2793-2825, Table 5, row IRF_CO2",evaluated
179,irf_co2_retained_fraction_at_horizon,0.361684874,fraction of pulse,"Joos et al. 2013 ACP 13:2793-2825, Table 5, row IRF_CO2",evaluated
180,irf_co2_retained_fraction_at_horizon,0.36126774,fraction of pulse,"Joos et al. 2013 ACP 13:2793-2825, Table 5, row IRF_CO2",evaluated
181,irf_co2_retained_fraction_at_horizon,0.360853053,fraction of pulse,"Joos et al. 2013 ACP 13:2793-2825, Table 5, row IRF_CO2",evaluated
182,irf_co2_retained_fraction_at_horizon,0.360440769,fraction of pulse,"Joos et al. 2013 ACP 13:2793-2825, Table 5, row IRF_CO2",evaluated
183,irf_co2_retained_fraction_at_horizon,0.360030845,fraction of pulse,"Joos et al. 2013 ACP 13:2793-2825, Table 5, row IRF_CO2",evaluated
184,irf_co2_retained_fraction_at_horizon,0.359623241,fraction of pulse,"Joos et al. 2013 ACP 13:2793-2825, Table 5, row IRF_CO2",evaluated
185,irf_co2_retained_fraction_at_horizon,0.359217915,fraction of pulse,"Joos et al. 2013 ACP 13:2793-2825, Table 5, row IRF_CO2",evaluated
186,irf_co2_retained_fraction_at_horizon,0.358814829,fraction of pulse,"Joos et al. 2013 ACP 13:2793-2825, Table 5, row IRF_CO2",evaluated
187,irf_co2_retained_fraction_at_horizon,0.358413943,fraction of pulse,"Joos et al. 2013 ACP 13:2793-2825, Table 5, row IRF_CO2",evaluated
188,irf_co2_retained_fraction_at_horizon,0.35801522,fraction of pulse,"Joos et al. 2013 ACP 13:2793-2825, Table 5, row IRF_CO2",evaluated
189,irf_co2_retained_fraction_at_horizon,0.357618624,fraction of pulse,"Joos et al. 2013 ACP 13:2793-2825, Table 5, row IRF_CO2",evaluated
190,irf_co2_retained_fraction_at_horizon,0.35722412,fraction of pulse,"Joos et al. 2013 ACP 13:2793-2825, Table 5, row IRF_CO2",evaluated
191,irf_co2_retained_fraction_at_horizon,0.356831672,fraction of pulse,"Joos et al. 2013 ACP 13:2793-2825, Table 5, row IRF_CO2",evaluated
192,irf_co2_retained_fraction_at_horizon,0.356441247,fraction of pulse,"Joos et al. 2013 ACP 13:2793-2825, Table 5, row IRF_CO2",evaluated
193,irf_co2_retained_fraction_at_horizon,0.356052812,fraction of pulse,"Joos et al. 2013 ACP 13:2793-2825, Table 5, row IRF_CO2",evaluated
194,irf_co2_retained_fraction_at_horizon,0.355666334,fraction of pulse,"Joos et al. 2013 ACP 13:2793-2825, Table 5, row IRF_CO2",evaluated
195,irf_co2_retained_fraction_at_horizon,0.355281784,fraction of pulse,"Joos et al. 2013 ACP 13:2793-2825, Table 5, row IRF_CO2",evaluated
196,irf_co2_retained_fraction_at_horizon,0.35489913,fraction of pulse,"Joos et al. 2013 ACP 13:2793-2825, Table 5, row IRF_CO2",evaluated
197,irf_co2_retained_fraction_at_horizon,0.354518342,fraction of pulse,"Joos et al. 2013 ACP 13:2793-2825, Table 5, row IRF_CO2",evaluated
198,irf_co2_retained_fraction_at_horizon,0.354139392,fraction of pulse,"Joos et al. 2013 ACP 13:2793-2825, Table 5, row IRF_CO2",evaluated
199,irf_co2_retained_fraction_at_horizon,0.353762251,fraction of pulse,"Joos et al. 2013 ACP 13:2793-2825, Table 5, row IRF_CO2",evaluated
200,irf_co2_retained_fraction_at_horizon,0.353386892,fraction of pulse,"Joos et al. 2013 ACP 13:2793-2825, Table 5, row IRF_CO2",evaluated
201,irf_co2_retained_fraction_at_horizon,0.353013287,fraction of pulse,"Joos et al. 2013 ACP 13:2793-2825, Table 5, row IRF_CO2",evaluated
202,irf_co2_retained_fraction_at_horizon,0.352641412,fraction of pulse,"Joos et al. 2013 ACP 13:2793-2825, Table 5, row IRF_CO2",evaluated
203,irf_co2_retained_fraction_at_horizon,0.35227124,fraction of pulse,"Joos et al. 2013 ACP 13:2793-2825, Table 5, row IRF_CO2",evaluated
204,irf_co2_retained_fraction_at_horizon,0.351902746,fraction of pulse,"Joos et al. 2013 ACP 13:2793-2825, Table 5, row IRF_CO2",evaluated
205,irf_co2_retained_fraction_at_horizon,0.351535906,fraction of pulse,"Joos et al. 2013 ACP 13:2793-2825, Table 5, row IRF_CO2",evaluated
206,irf_co2_retained_fraction_at_horizon,0.351170697,fraction of pulse,"Joos et al. 2013 ACP 13:2793-2825, Table 5, row IRF_CO2",evaluated
207,irf_co2_retained_fraction_at_horizon,0.350807095,fraction of pulse,"Joos et al. 2013 ACP 13:2793-2825, Table 5, row IRF_CO2",evaluated
208,irf_co2_retained_fraction_at_horizon,0.350445078,fraction of pulse,"Joos et al. 2013 ACP 13:2793-2825, Table 5, row IRF_CO2",evaluated
209,irf_co2_retained_fraction_at_horizon,0.350084625,fraction of pulse,"Joos et al. 2013 ACP 13:2793-2825, Table 5, row IRF_CO2",evaluated
210,irf_co2_retained_fraction_at_horizon,0.349725712,fraction of pulse,"Joos et al. 2013 ACP 13:2793-2825, Table 5, row IRF_CO2",evaluated
211,irf_co2_retained_fraction_at_horizon,0.349368321,fraction of pulse,"Joos et al. 2013 ACP 13:2793-2825, Table 5, row IRF_CO2",evaluated
212,irf_co2_retained_fraction_at_horizon,0.34901243,fraction of pulse,"Joos et al. 2013 ACP 13:2793-2825, Table 5, row IRF_CO2",evaluated
213,irf_co2_retained_fraction_at_horizon,0.348658019,fraction of pulse,"Joos et al. 2013 ACP 13:2793-2825, Table 5, row IRF_CO2",evaluated
214,irf_co2_retained_fraction_at_horizon,0.348305069,fraction of pulse,"Joos et al. 2013 ACP 13:2793-2825, Table 5, row IRF_CO2",evaluated
215,irf_co2_retained_fraction_at_horizon,0.347953562,fraction of pulse,"Joos et al. 2013 ACP 13:2793-2825, Table 5, row IRF_CO2",evaluated
216,irf_co2_retained_fraction_at_horizon,0.347603478,fraction of pulse,"Joos et al. 2013 ACP 13:2793-2825, Table 5, row IRF_CO2",evaluated
217,irf_co2_retained_fraction_at_horizon,0.3472548,fraction of pulse,"Joos et al. 2013 ACP 13:2793-2825, Table 5, row IRF_CO2",evaluated
218,irf_co2_retained_fraction_at_horizon,0.34690751,fraction of pulse,"Joos et al. 2013 ACP 13:2793-2825, Table 5, row IRF_CO2",evaluated
219,irf_co2_retained_fraction_at_horizon,0.346561591,fraction of pulse,"Joos et al. 2013 ACP 13:2793-2825, Table 5, row IRF_CO2",evaluated
220,irf_co2_retained_fraction_at_horizon,0.346217026,fraction of pulse,"Joos et al. 2013 ACP 13:2793-2825, Table 5, row IRF_CO2",evaluated
221,irf_co2_retained_fraction_at_horizon,0.345873799,fraction of pulse,"Joos et al. 2013 ACP 13:2793-2825, Table 5, row IRF_CO2",evaluated
222,irf_co2_retained_fraction_at_horizon,0.345531894,fraction of pulse,"Joos et al. 2013 ACP 13:2793-2825, Table 5, row IRF_CO2",evaluated
223,irf_co2_retained_fraction_at_horizon,0.345191296,fraction of pulse,"Joos et al. 2013 ACP 13:2793-2825, Table 5, row IRF_CO2",evaluated
224,irf_co2_retained_fraction_at_horizon,0.344851988,fraction of pulse,"Joos et al. 2013 ACP 13:2793-2825, Table 5, row IRF_CO2",evaluated
225,irf_co2_retained_fraction_at_horizon,0.344513957,fraction of pulse,"Joos et al. 2013 ACP 13:2793-2825, Table 5, row IRF_CO2",evaluated
226,irf_co2_retained_fraction_at_horizon,0.344177188,fraction of pulse,"Joos et al. 2013 ACP 13:2793-2825, Table 5, row IRF_CO2",evaluated
227,irf_co2_retained_fraction_at_horizon,0.343841666,fraction of pulse,"Joos et al. 2013 ACP 13:2793-2825, Table 5, row IRF_CO2",evaluated
228,irf_co2_retained_fraction_at_horizon,0.343507378,fraction of pulse,"Joos et al. 2013 ACP 13:2793-2825, Table 5, row IRF_CO2",evaluated
229,irf_co2_retained_fraction_at_horizon,0.343174311,fraction of pulse,"Joos et al. 2013 ACP 13:2793-2825, Table 5, row IRF_CO2",evaluated
230,irf_co2_retained_fraction_at_horizon,0.342842451,fraction of pulse,"Joos et al. 2013 ACP 13:2793-2825, Table 5, row IRF_CO2",evaluated
231,irf_co2_retained_fraction_at_horizon,0.342511785,fraction of pulse,"Joos et al. 2013 ACP 13:2793-2825, Table 5, row IRF_CO2",evaluated
232,irf_co2_retained_fraction_at_horizon,0.342182301,fraction of pulse,"Joos et al. 2013 ACP 13:2793-2825, Table 5, row IRF_CO2",evaluated
233,irf_co2_retained_fraction_at_horizon,0.341853986,fraction of pulse,"Joos et al. 2013 ACP 13:2793-2825, Table 5, row IRF_CO2",evaluated
234,irf_co2_retained_fraction_at_horizon,0.341526828,fraction of pulse,"Joos et al. 2013 ACP 13:2793-2825, Table 5, row IRF_CO2",evaluated
235,irf_co2_retained_fraction_at_horizon,0.341200817,fraction of pulse,"Joos et al. 2013 ACP 13:2793-2825, Table 5, row IRF_CO2",evaluated
236,irf_co2_retained_fraction_at_horizon,0.340875939,fraction of pulse,"Joos et al. 2013 ACP 13:2793-2825, Table 5, row IRF_CO2",evaluated
237,irf_co2_retained_fraction_at_horizon,0.340552185,fraction of pulse,"Joos et al. 2013 ACP 13:2793-2825, Table 5, row IRF_CO2",evaluated
238,irf_co2_retained_fraction_at_horizon,0.340229543,fraction of pulse,"Joos et al. 2013 ACP 13:2793-2825, Table 5, row IRF_CO2",evaluated
239,irf_co2_retained_fraction_at_horizon,0.339908002,fraction of pulse,"Joos et al. 2013 ACP 13:2793-2825, Table 5, row IRF_CO2",evaluated
240,irf_co2_retained_fraction_at_horizon,0.339587552,fraction of pulse,"Joos et al. 2013 ACP 13:2793-2825, Table 5, row IRF_CO2",evaluated
241,irf_co2_retained_fraction_at_horizon,0.339268182,fraction of pulse,"Joos et al. 2013 ACP 13:2793-2825, Table 5, row IRF_CO2",evaluated
242,irf_co2_retained_fraction_at_horizon,0.338949883,fraction of pulse,"Joos et al. 2013 ACP 13:2793-2825, Table 5, row IRF_CO2",evaluated
243,irf_co2_retained_fraction_at_horizon,0.338632645,fraction of pulse,"Joos et al. 2013 ACP 13:2793-2825, Table 5, row IRF_CO2",evaluated
244,irf_co2_retained_fraction_at_horizon,0.338316459,fraction of pulse,"Joos et al. 2013 ACP 13:2793-2825, Table 5, row IRF_CO2",evaluated
245,irf_co2_retained_fraction_at_horizon,0.338001314,fraction of pulse,"Joos et al. 2013 ACP 13:2793-2825, Table 5, row IRF_CO2",evaluated
246,irf_co2_retained_fraction_at_horizon,0.337687203,fraction of pulse,"Joos et al. 2013 ACP 13:2793-2825, Table 5, row IRF_CO2",evaluated
247,irf_co2_retained_fraction_at_horizon,0.337374115,fraction of pulse,"Joos et al. 2013 ACP 13:2793-2825, Table 5, row IRF_CO2",evaluated
248,irf_co2_retained_fraction_at_horizon,0.337062042,fraction of pulse,"Joos et al. 2013 ACP 13:2793-2825, Table 5, row IRF_CO2",evaluated
249,irf_co2_retained_fraction_at_horizon,0.336750975,fraction of pulse,"Joos et al. 2013 ACP 13:2793-2825, Table 5, row IRF_CO2",evaluated
250,irf_co2_retained_fraction_at_horizon,0.336440907,fraction of pulse,"Joos et al. 2013 ACP 13:2793-2825, Table 5, row IRF_CO2",evaluated
251,irf_co2_retained_fraction_at_horizon,0.336131829,fraction of pulse,"Joos et al. 2013 ACP 13:2793-2825, Table 5, row IRF_CO2",evaluated
252,irf_co2_retained_fraction_at_horizon,0.335823733,fraction of pulse,"Joos et al. 2013 ACP 13:2793-2825, Table 5, row IRF_CO2",evaluated
253,irf_co2_retained_fraction_at_horizon,0.33551661,fraction of pulse,"Joos et al. 2013 ACP 13:2793-2825, Table 5, row IRF_CO2",evaluated
254,irf_co2_retained_fraction_at_horizon,0.335210454,fraction of pulse,"Joos et al. 2013 ACP 13:2793-2825, Table 5, row IRF_CO2",evaluated
255,irf_co2_retained_fraction_at_horizon,0.334905257,fraction of pulse,"Joos et al. 2013 ACP 13:2793-2825, Table 5, row IRF_CO2",evaluated
256,irf_co2_retained_fraction_at_horizon,0.334601011,fraction of pulse,"Joos et al. 2013 ACP 13:2793-2825, Table 5, row IRF_CO2",evaluated
257,irf_co2_retained_fraction_at_horizon,0.33429771,fraction of pulse,"Joos et al. 2013 ACP 13:2793-2825, Table 5, row IRF_CO2",evaluated
258,irf_co2_retained_fraction_at_horizon,0.333995345,fraction of pulse,"Joos et al. 2013 ACP 13:2793-2825, Table 5, row IRF_CO2",evaluated
259,irf_co2_retained_fraction_at_horizon,0.333693911,fraction of pulse,"Joos et al. 2013 ACP 13:2793-2825, Table 5, row IRF_CO2",evaluated
260,irf_co2_retained_fraction_at_horizon,0.3333934,fraction of pulse,"Joos et al. 2013 ACP 13:2793-2825, Table 5, row IRF_CO2",evaluated
261,irf_co2_retained_fraction_at_horizon,0.333093805,fraction of pulse,"Joos et al. 2013 ACP 13:2793-2825, Table 5, row IRF_CO2",evaluated
262,irf_co2_retained_fraction_at_horizon,0.332795121,fraction of pulse,"Joos et al. 2013 ACP 13:2793-2825, Table 5, row IRF_CO2",evaluated
263,irf_co2_retained_fraction_at_horizon,0.332497341,fraction of pulse,"Joos et al. 2013 ACP 13:2793-2825, Table 5, row IRF_CO2",evaluated
264,irf_co2_retained_fraction_at_horizon,0.332200458,fraction of pulse,"Joos et al. 2013 ACP 13:2793-2825, Table 5, row IRF_CO2",evaluated
265,irf_co2_retained_fraction_at_horizon,0.331904466,fraction of pulse,"Joos et al. 2013 ACP 13:2793-2825, Table 5, row IRF_CO2",evaluated
266,irf_co2_retained_fraction_at_horizon,0.33160936,fraction of pulse,"Joos et al. 2013 ACP 13:2793-2825, Table 5, row IRF_CO2",evaluated
267,irf_co2_retained_fraction_at_horizon,0.331315134,fraction of pulse,"Joos et al. 2013 ACP 13:2793-2825, Table 5, row IRF_CO2",evaluated
268,irf_co2_retained_fraction_at_horizon,0.331021781,fraction of pulse,"Joos et al. 2013 ACP 13:2793-2825, Table 5, row IRF_CO2",evaluated
269,irf_co2_retained_fraction_at_horizon,0.330729296,fraction of pulse,"Joos et al. 2013 ACP 13:2793-2825, Table 5, row IRF_CO2",evaluated
270,irf_co2_retained_fraction_at_horizon,0.330437673,fraction of pulse,"Joos et al. 2013 ACP 13:2793-2825, Table 5, row IRF_CO2",evaluated
271,irf_co2_retained_fraction_at_horizon,0.330146907,fraction of pulse,"Joos et al. 2013 ACP 13:2793-2825, Table 5, row IRF_CO2",evaluated
272,irf_co2_retained_fraction_at_horizon,0.329856993,fraction of pulse,"Joos et al. 2013 ACP 13:2793-2825, Table 5, row IRF_CO2",evaluated
273,irf_co2_retained_fraction_at_horizon,0.329567925,fraction of pulse,"Joos et al. 2013 ACP 13:2793-2825, Table 5, row IRF_CO2",evaluated
274,irf_co2_retained_fraction_at_horizon,0.329279698,fraction of pulse,"Joos et al. 2013 ACP 13:2793-2825, Table 5, row IRF_CO2",evaluated
275,irf_co2_retained_fraction_at_horizon,0.328992307,fraction of pulse,"Joos et al. 2013 ACP 13:2793-2825, Table 5, row IRF_CO2",evaluated
276,irf_co2_retained_fraction_at_horizon,0.328705747,fraction of pulse,"Joos et al. 2013 ACP 13:2793-2825, Table 5, row IRF_CO2",evaluated
277,irf_co2_retained_fraction_at_horizon,0.328420014,fraction of pulse,"Joos et al. 2013 ACP 13:2793-2825, Table 5, row IRF_CO2",evaluated
278,irf_co2_retained_fraction_at_horizon,0.328135102,fraction of pulse,"Joos et al. 2013 ACP 13:2793-2825, Table 5, row IRF_CO2",evaluated
279,irf_co2_retained_fraction_at_horizon,0.327851006,fraction of pulse,"Joos et al. 2013 ACP 13:2793-2825, Table 5, row IRF_CO2",evaluated
280,irf_co2_retained_fraction_at_horizon,0.327567722,fraction of pulse,"Joos et al. 2013 ACP 13:2793-2825, Table 5, row IRF_CO2",evaluated
281,irf_co2_retained_fraction_at_horizon,0.327285246,fraction of pulse,"Joos et al. 2013 ACP 13:2793-2825, Table 5, row IRF_CO2",evaluated
282,irf_co2_retained_fraction_at_horizon,0.327003573,fraction of pulse,"Joos et al. 2013 ACP 13:2793-2825, Table 5, row IRF_CO2",evaluated
283,irf_co2_retained_fraction_at_horizon,0.326722698,fraction of pulse,"Joos et al. 2013 ACP 13:2793-2825, Table 5, row IRF_CO2",evaluated
284,irf_co2_retained_fraction_at_horizon,0.326442618,fraction of pulse,"Joos et al. 2013 ACP 13:2793-2825, Table 5, row IRF_CO2",evaluated
285,irf_co2_retained_fraction_at_horizon,0.326163327,fraction of pulse,"Joos et al. 2013 ACP 13:2793-2825, Table 5, row IRF_CO2",evaluated
286,irf_co2_retained_fraction_at_horizon,0.325884823,fraction of pulse,"Joos et al. 2013 ACP 13:2793-2825, Table 5, row IRF_CO2",evaluated
287,irf_co2_retained_fraction_at_horizon,0.3256071,fraction of pulse,"Joos et al. 2013 ACP 13:2793-2825, Table 5, row IRF_CO2",evaluated
288,irf_co2_retained_fraction_at_horizon,0.325330155,fraction of pulse,"Joos et al. 2013 ACP 13:2793-2825, Table 5, row IRF_CO2",evaluated
289,irf_co2_retained_fraction_at_horizon,0.325053983,fraction of pulse,"Joos et al. 2013 ACP 13:2793-2825, Table 5, row IRF_CO2",evaluated
290,irf_co2_retained_fraction_at_horizon,0.324778581,fraction of pulse,"Joos et al. 2013 ACP 13:2793-2825, Table 5, row IRF_CO2",evaluated
291,irf_co2_retained_fraction_at_horizon,0.324503945,fraction of pulse,"Joos et al. 2013 ACP 13:2793-2825, Table 5, row IRF_CO2",evaluated
292,irf_co2_retained_fraction_at_horizon,0.324230071,fraction of pulse,"Joos et al. 2013 ACP 13:2793-2825, Table 5, row IRF_CO2",evaluated
293,irf_co2_retained_fraction_at_horizon,0.323956956,fraction of pulse,"Joos et al. 2013 ACP 13:2793-2825, Table 5, row IRF_CO2",evaluated
294,irf_co2_retained_fraction_at_horizon,0.323684595,fraction of pulse,"Joos et al. 2013 ACP 13:2793-2825, Table 5, row IRF_CO2",evaluated
295,irf_co2_retained_fraction_at_horizon,0.323412986,fraction of pulse,"Joos et al. 2013 ACP 13:2793-2825, Table 5, row IRF_CO2",evaluated
296,irf_co2_retained_fraction_at_horizon,0.323142124,fraction of pulse,"Joos et al. 2013 ACP 13:2793-2825, Table 5, row IRF_CO2",evaluated
297,irf_co2_retained_fraction_at_horizon,0.322872006,fraction of pulse,"Joos et al. 2013 ACP 13:2793-2825, Table 5, row IRF_CO2",evaluated
298,irf_co2_retained_fraction_at_horizon,0.322602628,fraction of pulse,"Joos et al. 2013 ACP 13:2793-2825, Table 5, row IRF_CO2",evaluated
299,irf_co2_retained_fraction_at_horizon,0.322333988,fraction of pulse,"Joos et al. 2013 ACP 13:2793-2825, Table 5, row IRF_CO2",evaluated
300,irf_co2_retained_fraction_at_horizon,0.322066082,fraction of pulse,"Joos et al. 2013 ACP 13:2793-2825, Table 5, row IRF_CO2",evaluated
